lesson_title,lesson_objective,materials,procedure
Guitar Chords and Techniques,Understanding music notation and basic theory concepts,"Guitar, pick, music stand","Start by practicing basic rhythms and stick control on a practice pad, then progress to more complex patterns on the drum kit. Focus on technique and timing."
Songwriting and Composition,Mastering complex drum patterns and rhythms,"Instrument of choice, songwriting software","Review the basics of music notation and theory, including staff notation, key signatures, and time signatures. Practice identifying notes and chords, and analyze simple pieces."
Singing Techniques and Performance,Learning basic chords and strumming patterns on the guitar,"Instrument of choice, songwriting software","Begin by warming up the voice with breathing exercises and vocal warm-ups. Then practice singing simple songs, focusing on tone, pitch, and expression. Move on to more complex pieces as proficiency increases."
Singing Techniques and Performance,Learning basic chords and strumming patterns on the guitar,"Drum kit, drumsticks, practice pad","Start by practicing basic rhythms and stick control on a practice pad, then progress to more complex patterns on the drum kit. Focus on technique and timing."
Music Theory for Beginners,Mastering complex drum patterns and rhythms,"Drum kit, drumsticks, practice pad","Start by learning basic chords and strumming patterns, then progress to more advanced techniques such as fingerpicking and alternate tunings."
Guitar Chords and Techniques,Mastering complex drum patterns and rhythms,"Piano keyboard, sheet music, metronome","Start by practicing basic rhythms and stick control on a practice pad, then progress to more complex patterns on the drum kit. Focus on technique and timing."
Guitar Chords and Techniques,Learning basic chords and strumming patterns on the guitar,"Piano keyboard, sheet music, metronome","Begin by reviewing basic finger and hand position on the keyboard, then practice playing simple melodies and scales. Move on to more complex pieces as proficiency increases."
Songwriting and Composition,Exploring different songwriting techniques and approaches,"Microphone, backing tracks, vocal exercises","Begin by warming up the voice with breathing exercises and vocal warm-ups. Then practice singing simple songs, focusing on tone, pitch, and expression. Move on to more complex pieces as proficiency increases."
Singing Techniques and Performance,Exploring different songwriting techniques and approaches,"Drum kit, drumsticks, practice pad","Explore different approaches to songwriting, such as melody-first, lyrics-first, and chord progressions. Experiment with different instruments and styles."
Singing Techniques and Performance,Learning basic chords and strumming patterns on the guitar,"Instrument of choice, songwriting software","Begin by warming up the voice with breathing exercises and vocal warm-ups. Then practice singing simple songs, focusing on tone, pitch, and expression. Move on to more complex pieces as proficiency increases."
Music Theory for Beginners,Exploring different songwriting techniques and approaches,"Drum kit, drumsticks, practice pad","Start by practicing basic rhythms and stick control on a practice pad, then progress to more complex patterns on the drum kit. Focus on technique and timing."
Singing Techniques and Performance,Exploring different songwriting techniques and approaches,"Piano keyboard, sheet music, metronome","Start by practicing basic rhythms and stick control on a practice pad, then progress to more complex patterns on the drum kit. Focus on technique and timing."
Guitar Chords and Techniques,Exploring different songwriting techniques and approaches,"Guitar, pick, music stand","Begin by reviewing basic finger and hand position on the keyboard, then practice playing simple melodies and scales. Move on to more complex pieces as proficiency increases."
Music Theory for Beginners,Improving vocal range and control for better singing performance,"Drum kit, drumsticks, practice pad","Start by learning basic chords and strumming patterns, then progress to more advanced techniques such as fingerpicking and alternate tunings."
Songwriting and Composition,Mastering complex drum patterns and rhythms,"Drum kit, drumsticks, practice pad","Begin by reviewing basic finger and hand position on the keyboard, then practice playing simple melodies and scales. Move on to more complex pieces as proficiency increases."
Guitar Chords and Techniques,Understanding music notation and basic theory concepts,"Drum kit, drumsticks, practice pad","Start by practicing basic rhythms and stick control on a practice pad, then progress to more complex patterns on the drum kit. Focus on technique and timing."
Advanced Drums and Percussion,Exploring different songwriting techniques and approaches,"Instrument of choice, songwriting software","Start by learning basic chords and strumming patterns, then progress to more advanced techniques such as fingerpicking and alternate tunings."
Singing Techniques and Performance,Exploring different songwriting techniques and approaches,"Piano keyboard, sheet music, metronome","Begin by warming up the voice with breathing exercises and vocal warm-ups. Then practice singing simple songs, focusing on tone, pitch, and expression. Move on to more complex pieces as proficiency increases."
Songwriting and Composition,Improving vocal range and control for better singing performance,"Microphone, backing tracks, vocal exercises","Start by learning basic chords and strumming patterns, then progress to more advanced techniques such as fingerpicking and alternate tunings."
Introduction to Piano Playing,Improving vocal range and control for better singing performance,"Piano keyboard, sheet music, metronome","Begin by warming up the voice with breathing exercises and vocal warm-ups. Then practice singing simple songs, focusing on tone, pitch, and expression. Move on to more complex pieces as proficiency increases."
