forename,surname,sex,title,birthdate,town,county,postcode,phone_num,email
Jade,Lloyd,F,Mr,06/06/1964,Bodedern,Gwynedd,LL77 2QJ,07982502870,jade.lloyd@example.com
Llion,Jones,F,Ms,24/02/1971,Amlwch,Gwynedd,LL77 1HL,07024120947,llion.jones@example.com
Rhian,Morgan,M,Miss,24/10/1966,Beaumaris,Conwy,LL77 1PW,07287716713,rhian.morgan@example.com
Carys,Thomas,M,Mrs,06/03/1994,Cemaes,Gwynedd,LL77 2AZ,09475063265,carys.thomas@example.com
Nia,Yorath,F,Mr,14/03/1976,Amlwch,Conwy,LL77 6VH,09413849000,nia.yorath@example.com
Wyn,Owen,F,Mrs,04/01/1987,Trearddur Bay,Gwynedd,LL77 9ZY,07671178343,wyn.owen@example.com
Tegan,Price,M,Dr,28/01/1998,Newborough,Anglesey,LL77 6VT,09523907675,tegan.price@example.com
Megan,Yorath,F,Mrs,14/07/1980,Bodedern,Conwy,LL77 4GB,09433969717,megan.yorath@example.com
Aled,Lloyd,M,Ms,21/03/1996,Llanerchymedd,Anglesey,LL77 4WO,07449221489,aled.lloyd@example.com
Elin,Price,M,Mrs,12/12/1989,Benllech,Gwynedd,LL77 2NI,09970339243,elin.price@example.com
Wyn,Roberts,M,Ms,19/11/1969,Rhosneigr,Anglesey,LL77 3UL,07293416165,wyn.roberts@example.com
Dafydd,Nia,M,Dr,01/09/1999,Amlwch,Conwy,LL77 4CA,08998083883,dafydd.nia@example.com
Aled,Ceri,F,Miss,01/07/1976,Cemaes,Gwynedd,LL77 7RN,09509716713,aled.ceri@example.com
Jade,Lloyd,M,Mrs,06/07/1999,Gaerwen,Anglesey,LL77 9RS,09598845037,jade.lloyd@example.com
Ffion,Glyn,F,Mrs,12/02/1997,Llandegfan,Conwy,LL77 6RK,09752162513,ffion.glyn@example.com
Aled,Thomas,M,Miss,18/10/1981,Llanerchymedd,Gwynedd,LL77 9ER,07236297918,aled.thomas@example.com
Gareth,Davies,F,Dr,10/01/1977,Valley,Conwy,LL77 3IT,08517965674,gareth.davies@example.com
Wyn,Jones,F,Mr,25/11/1988,Gaerwen,Conwy,LL77 9HX,08962134667,wyn.jones@example.com
Jade,Edwards,M,Mrs,16/07/1960,Y Felinheli,Anglesey,LL77 6UJ,07366351963,jade.edwards@example.com
Wyn,Lloyd,F,Mrs,23/04/1963,Valley,Conwy,LL77 5TO,07164212094,wyn.lloyd@example.com
Megan,Lloyd,F,Miss,17/10/1990,Llanddona,Anglesey,LL77 6AP,09386115013,megan.lloyd@example.com
Iwan,Nia,F,Mrs,09/06/1985,Llandegfan,Anglesey,LL77 4YV,07204343286,iwan.nia@example.com
Rhian,Jones,M,Dr,25/11/1994,Trearddur Bay,Gwynedd,LL77 1UU,09467950469,rhian.jones@example.com
Carys,Rees,M,Dr,08/03/1996,Rhosneigr,Gwynedd,LL77 4MQ,09524278526,carys.rees@example.com
Gareth,Rees,M,Mrs,04/07/1978,Y Felinheli,Gwynedd,LL77 8QR,08431586585,gareth.rees@example.com
Carys,Williams,F,Dr,09/03/1962,Holyhead,Anglesey,LL77 8SS,07776499479,carys.williams@example.com
Carys,Nia,F,Miss,06/11/1981,Amlwch,Conwy,LL77 4IW,08326698338,carys.nia@example.com
Sian,Edwards,F,Mr,27/10/1970,Pentraeth,Conwy,LL77 1OL,08484397144,sian.edwards@example.com
Sian,Morgan,M,Dr,18/04/1997,Valley,Conwy,LL77 6GQ,07917187893,sian.morgan@example.com
Carys,Davies,F,Ms,12/05/1997,Menai Bridge,Anglesey,LL77 1OL,08753380836,carys.davies@example.com
Elin,Jones,M,Mr,12/10/1985,Llanerchymedd,Gwynedd,LL77 3GP,09559637280,elin.jones@example.com
Katie,Thomas,M,Mr,11/08/1966,Valley,Conwy,LL77 4ND,09179404333,katie.thomas@example.com
Wyn,Roberts,F,Dr,25/03/2000,Beaumaris,Anglesey,LL77 2CZ,07466508291,wyn.roberts@example.com
Sian,Fychan,M,Miss,11/07/1999,Valley,Conwy,LL77 4AO,08936509489,sian.fychan@example.com
Katie,Rees,F,Mr,03/12/1998,Cemaes,Conwy,LL77 3VG,07935346756,katie.rees@example.com
Elin,Roberts,M,Miss,01/10/1995,Trearddur Bay,Anglesey,LL77 6DN,07500566580,elin.roberts@example.com
Katie,Rees,F,Mrs,09/09/1982,Llanfairpwllgwyngyll,Anglesey,LL77 9YC,07125872026,katie.rees@example.com
Rhian,Idris,F,Miss,16/07/1988,Rhosneigr,Gwynedd,LL77 4KL,09310636662,rhian.idris@example.com
Llion,Nia,M,Mrs,12/03/1968,Menai Bridge,Anglesey,LL77 5IQ,09908887720,llion.nia@example.com
Jade,Hedd,F,Ms,23/12/1988,Bodedern,Gwynedd,LL77 9YU,08437531040,jade.hedd@example.com
Aled,Roberts,M,Ms,02/01/1974,Rhosneigr,Conwy,LL77 5SX,09928791375,aled.roberts@example.com
Gareth,Lloyd,F,Dr,02/10/2000,Holyhead,Conwy,LL77 2SZ,07770273451,gareth.lloyd@example.com
Iwan,Ceri,M,Miss,10/03/1982,Rhosneigr,Gwynedd,LL77 5NM,07535188065,iwan.ceri@example.com
Jade,Hedd,F,Ms,14/05/1960,Llanddona,Anglesey,LL77 5TO,08680674785,jade.hedd@example.com
Nia,Rees,F,Mr,05/01/1979,Llandegfan,Anglesey,LL77 1RE,08743783099,nia.rees@example.com
Carys,Owen,M,Mr,20/12/1975,Trearddur Bay,Conwy,LL77 3NY,07229909042,carys.owen@example.com
Bryn,Ceri,M,Mr,06/01/1988,Bodedern,Anglesey,LL77 2HA,07758073360,bryn.ceri@example.com
Aled,Williams,F,Ms,16/05/1986,Y Felinheli,Conwy,LL77 6OK,09422664014,aled.williams@example.com
Sian,Glyn,F,Mr,06/07/1967,Valley,Anglesey,LL77 1FF,08686201129,sian.glyn@example.com
Dafydd,Thomas,F,Miss,10/06/1969,Moelfre,Anglesey,LL77 6AA,09720568100,dafydd.thomas@example.com
Carys,Williams,F,Mrs,25/12/1964,Gaerwen,Conwy,LL77 9BY,09799895102,carys.williams@example.com
Bryn,Roberts,F,Miss,02/01/1965,Cemaes,Anglesey,LL77 1IW,08442163284,bryn.roberts@example.com
Megan,Morgan,M,Miss,28/12/1984,Holyhead,Conwy,LL77 2BO,08643606547,megan.morgan@example.com
Katie,Thomas,F,Dr,26/05/1985,Holyhead,Gwynedd,LL77 9OS,08745617446,katie.thomas@example.com
Iwan,Nia,F,Mrs,22/10/1972,Menai Bridge,Conwy,LL77 2TD,09267088924,iwan.nia@example.com
Dafydd,Roberts,M,Mrs,25/05/1996,Rhosneigr,Anglesey,LL77 3DF,09735024781,dafydd.roberts@example.com
Katie,Morgan,F,Mrs,21/11/1962,Beaumaris,Gwynedd,LL77 5YR,08672279447,katie.morgan@example.com
Llion,Jones,F,Dr,05/09/1971,Pentraeth,Conwy,LL77 8HT,08402192598,llion.jones@example.com
Jade,Lloyd,F,Mr,14/02/1966,Cemaes,Anglesey,LL77 1OG,07719711750,jade.lloyd@example.com
Bryn,Walters,M,Miss,09/01/1982,Moelfre,Gwynedd,LL77 1YF,08085030886,bryn.walters@example.com
Megan,Walters,F,Mrs,16/03/1992,Gaerwen,Conwy,LL77 1WC,09672184033,megan.walters@example.com
Llion,Roberts,M,Ms,20/01/2000,Y Felinheli,Gwynedd,LL77 5HZ,07713242978,llion.roberts@example.com
Carys,Jones,M,Ms,07/03/1986,Y Felinheli,Gwynedd,LL77 9HV,08606607395,carys.jones@example.com
Bryn,Ceri,M,Ms,19/09/1991,Llanerchymedd,Conwy,LL77 6FJ,08408373868,bryn.ceri@example.com
Megan,Yorath,M,Mrs,11/11/1979,Newborough,Gwynedd,LL77 5KR,09208357270,megan.yorath@example.com
Jade,Glyn,M,Ms,19/06/1966,Beaumaris,Conwy,LL77 8VS,09130366906,jade.glyn@example.com
Gareth,Thomas,F,Dr,10/05/1992,Trearddur Bay,Conwy,LL77 9UN,07352852737,gareth.thomas@example.com
Tegan,Morgan,M,Dr,28/07/1997,Beaumaris,Anglesey,LL77 5KK,07002699328,tegan.morgan@example.com
Jade,Jones,F,Dr,28/05/1964,Holyhead,Gwynedd,LL77 7BQ,08318034894,jade.jones@example.com
Bryn,Bevan,F,Mrs,14/06/1977,Llanbadrig,Conwy,LL77 2RR,09965144407,bryn.bevan@example.com
Dafydd,Bevan,F,Mrs,06/03/1983,Pentraeth,Gwynedd,LL77 4NG,09687457383,dafydd.bevan@example.com
Tegan,Yorath,F,Dr,10/12/1969,Gaerwen,Anglesey,LL77 9RX,09024564150,tegan.yorath@example.com
Iwan,Hedd,F,Ms,15/02/1983,Beaumaris,Anglesey,LL77 8VQ,08658074822,iwan.hedd@example.com
Dafydd,Williams,F,Dr,07/06/1981,Llanfairpwllgwyngyll,Gwynedd,LL77 2DQ,07429436799,dafydd.williams@example.com
Llion,Morgan,M,Ms,19/07/1986,Moelfre,Gwynedd,LL77 9VJ,07589222584,llion.morgan@example.com
Llion,Idris,M,Dr,28/05/1962,Moelfre,Anglesey,LL77 2YH,08946655930,llion.idris@example.com
Urien,Jones,M,Mrs,09/10/1968,Llandegfan,Conwy,LL77 8HE,07564302459,urien.jones@example.com
Urien,Jones,M,Ms,01/08/1979,Llanddona,Gwynedd,LL77 1GY,08044484429,urien.jones@example.com
Huw,Williams,M,Mr,22/11/1976,Beaumaris,Anglesey,LL77 1GY,09709548385,huw.williams@example.com
Jade,Ceri,M,Mr,09/10/1987,Llanfairpwllgwyngyll,Conwy,LL77 8FF,08446780149,jade.ceri@example.com
Rhian,Davies,M,Dr,08/10/1998,Llanerchymedd,Gwynedd,LL77 8AW,07306591984,rhian.davies@example.com
Bryn,Yorath,M,Mrs,25/09/1996,Trearddur Bay,Gwynedd,LL77 8UO,08983110746,bryn.yorath@example.com
Bryn,Price,F,Mrs,28/09/1993,Cemaes,Anglesey,LL77 5FO,08380978180,bryn.price@example.com
Wyn,Fychan,F,Mr,24/12/1987,Llanfairpwllgwyngyll,Conwy,LL77 5OG,07329834673,wyn.fychan@example.com
Wyn,Fychan,M,Miss,25/06/1965,Amlwch,Conwy,LL77 5YY,07537565084,wyn.fychan@example.com
Iwan,Morgan,M,Mr,23/05/1976,Llanbadrig,Anglesey,LL77 3EY,07692841210,iwan.morgan@example.com
Aled,Hedd,M,Mrs,04/02/1990,Llanfairpwllgwyngyll,Anglesey,LL77 2AX,09674081874,aled.hedd@example.com
Llion,Rees,F,Ms,10/06/1967,Llanbadrig,Conwy,LL77 3WH,08716933366,llion.rees@example.com
Tegan,Davies,M,Mr,21/06/1985,Benllech,Anglesey,LL77 7DS,08042744060,tegan.davies@example.com
Urien,Yorath,F,Ms,26/02/1975,Newborough,Gwynedd,LL77 9ML,09154277000,urien.yorath@example.com
Megan,Edwards,F,Miss,09/01/1986,Rhosneigr,Anglesey,LL77 4YH,07985639532,megan.edwards@example.com
Iwan,Davies,F,Miss,07/05/1981,Pentraeth,Conwy,LL77 3TB,07176878149,iwan.davies@example.com
Jade,Ceri,M,Miss,22/04/1975,Valley,Anglesey,LL77 1WK,07194566388,jade.ceri@example.com
Dafydd,Davies,M,Miss,26/10/1960,Llandegfan,Anglesey,LL77 1WE,07801919469,dafydd.davies@example.com
Sian,Yorath,F,Dr,17/10/1963,Holyhead,Anglesey,LL77 8HD,07015130033,sian.yorath@example.com
Ffion,Idris,F,Mrs,23/09/1990,Pentraeth,Anglesey,LL77 7DK,08817863335,ffion.idris@example.com
Aled,Roberts,F,Ms,19/04/1987,Bodedern,Anglesey,LL77 4VD,07022401074,aled.roberts@example.com
Nia,Williams,M,Miss,18/01/1992,Cemaes,Conwy,LL77 6DA,09885847836,nia.williams@example.com
Ffion,Edwards,F,Miss,21/07/1962,Cemaes,Anglesey,LL77 5ZC,07596770833,ffion.edwards@example.com
Tegan,Rees,M,Miss,17/01/1987,Y Felinheli,Conwy,LL77 7FS,09883397278,tegan.rees@example.com
Nia,Idris,F,Mr,21/07/1982,Menai Bridge,Gwynedd,LL77 6PT,08782638720,nia.idris@example.com
Ffion,Glyn,M,Ms,23/02/1975,Holyhead,Conwy,LL77 5IR,09681169403,ffion.glyn@example.com
Iwan,Glyn,F,Ms,18/06/1990,Gaerwen,Gwynedd,LL77 2VR,07531125756,iwan.glyn@example.com
Aled,Idris,M,Ms,17/05/1999,Benllech,Anglesey,LL77 3EP,09243772864,aled.idris@example.com
Nia,Edwards,M,Ms,09/02/1991,Llanddona,Gwynedd,LL77 7DT,09195028923,nia.edwards@example.com
Aled,Bevan,F,Dr,16/09/1982,Amlwch,Conwy,LL77 9JZ,09755258286,aled.bevan@example.com
Nia,Glyn,M,Miss,22/12/1969,Pentraeth,Gwynedd,LL77 2NA,08010627416,nia.glyn@example.com
Elin,Williams,M,Dr,06/10/1995,Llandegfan,Gwynedd,LL77 6YV,08283128258,elin.williams@example.com
Elin,Bevan,F,Mrs,19/01/1972,Holyhead,Anglesey,LL77 1VD,07874033854,elin.bevan@example.com
Owain,Owen,M,Mrs,18/06/1982,Amlwch,Conwy,LL77 9WY,08487232396,owain.owen@example.com
Owain,Rees,F,Mrs,03/03/1965,Llandegfan,Anglesey,LL77 8PI,08156598736,owain.rees@example.com
Iwan,Davies,M,Miss,13/12/1998,Menai Bridge,Anglesey,LL77 7DK,07776507385,iwan.davies@example.com
Gareth,Ceri,F,Mrs,19/06/1961,Beaumaris,Conwy,LL77 3ZT,08078509738,gareth.ceri@example.com
Iwan,Davies,M,Ms,17/02/1990,Bodedern,Anglesey,LL77 8BB,07992002540,iwan.davies@example.com
Llion,Owen,M,Ms,02/02/1962,Valley,Conwy,LL77 5PE,09885149981,llion.owen@example.com
Jade,Jones,F,Ms,08/05/1987,Gaerwen,Conwy,LL77 2SA,08297277617,jade.jones@example.com
Katie,Williams,F,Ms,01/02/1982,Llandegfan,Conwy,LL77 7BD,07069011534,katie.williams@example.com
Megan,Idris,M,Mrs,16/04/1987,Llanddona,Anglesey,LL77 8NO,08050014362,megan.idris@example.com
Aled,Bevan,F,Miss,07/09/1983,Bodedern,Anglesey,LL77 1UY,09539164473,aled.bevan@example.com
Nia,Davies,M,Ms,06/12/1983,Rhosneigr,Anglesey,LL77 3KH,08485554074,nia.davies@example.com
Sian,Glyn,F,Miss,19/02/1979,Menai Bridge,Conwy,LL77 1NC,09128463401,sian.glyn@example.com
Dafydd,Fychan,F,Mr,20/04/1965,Menai Bridge,Gwynedd,LL77 2SA,07256247362,dafydd.fychan@example.com
Jade,Glyn,F,Dr,07/12/1981,Benllech,Conwy,LL77 5TM,09430686179,jade.glyn@example.com
Nia,Fychan,M,Mr,02/11/1983,Amlwch,Anglesey,LL77 5BX,07671756539,nia.fychan@example.com
Iwan,Williams,F,Mr,02/11/1976,Beaumaris,Anglesey,LL77 9ZH,08378899118,iwan.williams@example.com
Gareth,Edwards,F,Miss,20/11/1967,Menai Bridge,Anglesey,LL77 7JZ,07630205015,gareth.edwards@example.com
Katie,Price,M,Mr,24/09/2000,Amlwch,Anglesey,LL77 8UF,09147121505,katie.price@example.com
Tegan,Walters,F,Mrs,13/09/1994,Llanfairpwllgwyngyll,Gwynedd,LL77 6EK,09480900649,tegan.walters@example.com
Megan,Owen,F,Mrs,08/07/1962,Rhosneigr,Gwynedd,LL77 8CK,08779764171,megan.owen@example.com
Urien,Nia,M,Dr,15/01/1969,Amlwch,Anglesey,LL77 1ZB,07456497713,urien.nia@example.com
Gareth,Fychan,F,Dr,23/12/1982,Pentraeth,Anglesey,LL77 3ZF,07679139241,gareth.fychan@example.com
Ffion,Owen,M,Mrs,10/11/1966,Moelfre,Conwy,LL77 5SK,08830563036,ffion.owen@example.com
Iwan,Edwards,F,Mr,13/11/1969,Y Felinheli,Conwy,LL77 9PZ,08836025891,iwan.edwards@example.com
Rhian,Williams,F,Dr,01/02/1990,Gaerwen,Gwynedd,LL77 5NF,07938429588,rhian.williams@example.com
Gareth,Yorath,M,Mr,16/02/1973,Bodedern,Gwynedd,LL77 3ZF,07296705921,gareth.yorath@example.com
Wyn,Jones,F,Ms,16/04/1960,Llandegfan,Anglesey,LL77 2KT,09612427959,wyn.jones@example.com
Elin,Jones,F,Ms,06/05/1971,Newborough,Anglesey,LL77 4CI,07150214598,elin.jones@example.com
Katie,Roberts,M,Mr,26/12/1983,Cemaes,Anglesey,LL77 9DK,08075820691,katie.roberts@example.com
Urien,Glyn,M,Mrs,23/12/1968,Moelfre,Conwy,LL77 7YD,09555098198,urien.glyn@example.com
Carys,Morgan,M,Mrs,05/05/1970,Bodedern,Conwy,LL77 8DA,07726850839,carys.morgan@example.com
Aled,Davies,F,Ms,25/04/2000,Beaumaris,Conwy,LL77 3MW,07722473403,aled.davies@example.com
Nia,Glyn,M,Ms,22/05/1989,Cemaes,Conwy,LL77 3WQ,08207944898,nia.glyn@example.com
Gareth,Price,M,Ms,26/07/1999,Llanfairpwllgwyngyll,Gwynedd,LL77 9EK,09222306813,gareth.price@example.com
Tegan,Owen,F,Ms,11/12/1994,Llandegfan,Conwy,LL77 1IT,08197587374,tegan.owen@example.com
Owain,Bevan,M,Miss,11/10/1968,Trearddur Bay,Conwy,LL77 4BQ,09180866225,owain.bevan@example.com
Owain,Roberts,M,Miss,13/03/1988,Benllech,Anglesey,LL77 2GA,08152994953,owain.roberts@example.com
Iwan,Morgan,F,Miss,28/12/1976,Pentraeth,Conwy,LL77 4QC,09896415997,iwan.morgan@example.com
Urien,Davies,F,Miss,20/09/1969,Gaerwen,Gwynedd,LL77 2JV,08366796350,urien.davies@example.com
Megan,Davies,M,Miss,24/07/1974,Moelfre,Gwynedd,LL77 4GS,07521395682,megan.davies@example.com
Dafydd,Edwards,F,Dr,11/08/1994,Holyhead,Conwy,LL77 9ZR,08934963897,dafydd.edwards@example.com
Jade,Fychan,F,Mrs,07/06/1998,Beaumaris,Gwynedd,LL77 8FP,07263132625,jade.fychan@example.com
Huw,Jones,F,Miss,11/11/1967,Menai Bridge,Anglesey,LL77 2CO,09031331024,huw.jones@example.com
Tegan,Owen,F,Mrs,21/06/1980,Benllech,Gwynedd,LL77 2MH,08008812598,tegan.owen@example.com
Huw,Edwards,M,Mr,26/04/1979,Llandegfan,Anglesey,LL77 8NM,09439428847,huw.edwards@example.com
Ffion,Owen,F,Ms,19/08/1992,Newborough,Conwy,LL77 6BU,09899080618,ffion.owen@example.com
Huw,Roberts,M,Mr,16/09/1967,Amlwch,Anglesey,LL77 8DN,08571952492,huw.roberts@example.com
Owain,Nia,F,Dr,02/04/1991,Rhosneigr,Gwynedd,LL77 5VJ,08360421078,owain.nia@example.com
Owain,Nia,M,Mr,10/07/1987,Menai Bridge,Anglesey,LL77 5GK,09502043335,owain.nia@example.com
Dafydd,Price,M,Mr,23/04/1985,Rhosneigr,Anglesey,LL77 2YW,08740451234,dafydd.price@example.com
Llion,Edwards,M,Mrs,03/06/1984,Trearddur Bay,Gwynedd,LL77 4DY,07041928611,llion.edwards@example.com
Huw,Fychan,M,Mr,27/06/1976,Valley,Gwynedd,LL77 3AF,07068256585,huw.fychan@example.com
Elin,Williams,F,Mrs,20/12/1966,Y Felinheli,Conwy,LL77 4BL,09689256272,elin.williams@example.com
Iwan,Fychan,M,Mr,11/11/1980,Llanbadrig,Conwy,LL77 2BU,09297550423,iwan.fychan@example.com
Wyn,Jones,M,Mrs,28/07/1984,Gaerwen,Anglesey,LL77 1KJ,07588440471,wyn.jones@example.com
Sian,Walters,M,Miss,24/05/1992,Y Felinheli,Conwy,LL77 4IC,09101281100,sian.walters@example.com
Huw,Jones,F,Miss,02/03/2000,Trearddur Bay,Conwy,LL77 2KR,09546030584,huw.jones@example.com
Katie,Bevan,M,Dr,17/10/1976,Llanddona,Anglesey,LL77 7QD,08158961130,katie.bevan@example.com
Megan,Rees,F,Miss,19/06/2000,Newborough,Anglesey,LL77 5JE,07567274703,megan.rees@example.com
Sian,Morgan,M,Mr,24/04/1992,Amlwch,Anglesey,LL77 1RQ,08921250483,sian.morgan@example.com
Rhian,Idris,F,Dr,04/02/1961,Llanddona,Anglesey,LL77 1BR,09862059974,rhian.idris@example.com
Iwan,Price,F,Mrs,11/01/1997,Valley,Conwy,LL77 2NM,08215683065,iwan.price@example.com
Dafydd,Yorath,M,Dr,12/03/1995,Beaumaris,Gwynedd,LL77 9XP,09619602114,dafydd.yorath@example.com
Owain,Williams,M,Dr,24/05/1985,Rhosneigr,Anglesey,LL77 2AO,09377557060,owain.williams@example.com
Ffion,Owen,M,Mr,24/01/1989,Llanfairpwllgwyngyll,Anglesey,LL77 4TD,08826499341,ffion.owen@example.com
Elin,Lloyd,M,Mr,25/12/1993,Cemaes,Conwy,LL77 1RY,08955468347,elin.lloyd@example.com
Megan,Morgan,F,Mrs,13/08/1963,Amlwch,Gwynedd,LL77 8CX,08669235546,megan.morgan@example.com
Sian,Edwards,M,Mrs,09/10/1960,Gaerwen,Gwynedd,LL77 1YB,07502734015,sian.edwards@example.com
Nia,Glyn,M,Mrs,10/09/1981,Bodedern,Conwy,LL77 1ET,07648958813,nia.glyn@example.com
Llion,Idris,M,Miss,05/05/1975,Rhosneigr,Conwy,LL77 8XK,09774753342,llion.idris@example.com
Sian,Glyn,M,Mrs,26/06/1994,Newborough,Gwynedd,LL77 9WI,09385781017,sian.glyn@example.com
Ffion,Idris,F,Mr,18/05/1973,Pentraeth,Conwy,LL77 4RT,08028412343,ffion.idris@example.com
Iwan,Idris,F,Mrs,11/09/1964,Benllech,Anglesey,LL77 1YB,08436938777,iwan.idris@example.com
Urien,Thomas,M,Ms,18/02/1978,Pentraeth,Conwy,LL77 1RD,07616522621,urien.thomas@example.com
Nia,Ceri,M,Ms,06/07/1980,Bodedern,Conwy,LL77 2DI,08411626998,nia.ceri@example.com
Katie,Edwards,F,Mr,12/02/1967,Pentraeth,Gwynedd,LL77 1NR,08879992233,katie.edwards@example.com
Urien,Lloyd,M,Mr,02/02/1963,Llanddona,Anglesey,LL77 1DY,09398872831,urien.lloyd@example.com
Nia,Yorath,M,Dr,09/12/1994,Cemaes,Anglesey,LL77 7VV,09423032327,nia.yorath@example.com
Tegan,Hedd,F,Ms,16/10/1979,Llanfairpwllgwyngyll,Anglesey,LL77 5HL,07010014169,tegan.hedd@example.com
Rhian,Williams,M,Mr,02/06/1977,Beaumaris,Gwynedd,LL77 2LD,09144086106,rhian.williams@example.com
Megan,Hedd,F,Ms,11/05/2000,Moelfre,Anglesey,LL77 7HV,09931071156,megan.hedd@example.com
Megan,Glyn,M,Dr,24/02/1996,Valley,Gwynedd,LL77 9PL,07146119605,megan.glyn@example.com
Ffion,Roberts,M,Mrs,02/02/1996,Newborough,Conwy,LL77 8RT,07804095742,ffion.roberts@example.com
Bryn,Jones,M,Ms,26/05/1963,Valley,Anglesey,LL77 1NT,09642800898,bryn.jones@example.com
Bryn,Roberts,M,Miss,24/02/1991,Menai Bridge,Anglesey,LL77 5AH,07203656970,bryn.roberts@example.com
Urien,Davies,M,Ms,16/06/1964,Newborough,Gwynedd,LL77 8YN,07190282007,urien.davies@example.com
Jade,Fychan,M,Ms,20/10/1963,Newborough,Gwynedd,LL77 6KK,09159648196,jade.fychan@example.com
Tegan,Price,M,Ms,18/11/1988,Gaerwen,Gwynedd,LL77 7US,07848727983,tegan.price@example.com
Owain,Bevan,F,Mr,01/05/1982,Pentraeth,Gwynedd,LL77 6XC,09642162891,owain.bevan@example.com
Iwan,Bevan,F,Dr,12/01/1990,Llanddona,Conwy,LL77 3JN,07833904151,iwan.bevan@example.com
Jade,Rees,M,Miss,25/11/1969,Pentraeth,Conwy,LL77 8UY,08353100924,jade.rees@example.com
Carys,Glyn,M,Mr,13/08/1969,Llanerchymedd,Gwynedd,LL77 1JG,08511036125,carys.glyn@example.com
Carys,Owen,M,Dr,18/10/1996,Trearddur Bay,Conwy,LL77 3HA,09001253761,carys.owen@example.com
Urien,Jones,M,Mr,07/10/1978,Llanerchymedd,Anglesey,LL77 6GU,07297056432,urien.jones@example.com
Tegan,Hedd,F,Mr,20/11/1987,Moelfre,Anglesey,LL77 2RP,09106801730,tegan.hedd@example.com
Iwan,Morgan,M,Ms,11/02/1993,Y Felinheli,Anglesey,LL77 1VB,08352260618,iwan.morgan@example.com
Elin,Bevan,M,Miss,16/07/1981,Pentraeth,Anglesey,LL77 3XE,07057188946,elin.bevan@example.com
Ffion,Hedd,M,Mrs,17/08/1963,Bodedern,Anglesey,LL77 2BY,07239239679,ffion.hedd@example.com
Owain,Yorath,F,Dr,01/07/1980,Llanddona,Anglesey,LL77 5RQ,08250921717,owain.yorath@example.com
Jade,Edwards,M,Ms,20/09/1988,Cemaes,Anglesey,LL77 4HT,08876243083,jade.edwards@example.com
Gareth,Roberts,M,Miss,24/08/1976,Benllech,Conwy,LL77 3KC,09720356198,gareth.roberts@example.com
Wyn,Bevan,M,Mrs,09/01/1960,Trearddur Bay,Gwynedd,LL77 3VT,09745553585,wyn.bevan@example.com
Dafydd,Owen,F,Mr,20/04/1995,Bodedern,Anglesey,LL77 6GR,08942742337,dafydd.owen@example.com
Katie,Glyn,M,Mr,14/12/1999,Bodedern,Anglesey,LL77 2YX,08830017720,katie.glyn@example.com
Sian,Hedd,F,Dr,11/03/2000,Amlwch,Gwynedd,LL77 6FG,08036074692,sian.hedd@example.com
Owain,Rees,F,Dr,10/11/1961,Llandegfan,Gwynedd,LL77 7SK,09573946564,owain.rees@example.com
Elin,Walters,F,Ms,05/06/1982,Cemaes,Conwy,LL77 8SO,09350559202,elin.walters@example.com
Carys,Jones,M,Mr,28/11/1994,Moelfre,Gwynedd,LL77 6BM,08461037220,carys.jones@example.com
Iwan,Nia,F,Mrs,22/09/1977,Menai Bridge,Conwy,LL77 2OU,08752360643,iwan.nia@example.com
Iwan,Yorath,F,Dr,23/09/1998,Moelfre,Conwy,LL77 8RD,08482413282,iwan.yorath@example.com
Rhian,Glyn,M,Ms,07/05/1977,Pentraeth,Anglesey,LL77 2YN,08311102604,rhian.glyn@example.com
Gareth,Yorath,M,Miss,03/12/1967,Llandegfan,Conwy,LL77 3EZ,08356780597,gareth.yorath@example.com
Elin,Owen,F,Mrs,23/11/1973,Valley,Anglesey,LL77 4ID,07296808055,elin.owen@example.com
Carys,Idris,M,Ms,08/10/1997,Newborough,Conwy,LL77 6RU,07142221524,carys.idris@example.com
Rhian,Ceri,M,Miss,27/03/1972,Y Felinheli,Anglesey,LL77 9FJ,07942228575,rhian.ceri@example.com
Iwan,Price,M,Ms,19/12/1981,Gaerwen,Anglesey,LL77 2DN,07693724330,iwan.price@example.com
Jade,Idris,F,Mrs,22/07/1997,Llandegfan,Anglesey,LL77 6HK,08356798245,jade.idris@example.com
Nia,Price,F,Dr,26/01/1990,Llandegfan,Conwy,LL77 5KY,08227174592,nia.price@example.com
Sian,Davies,M,Mrs,13/03/1960,Bodedern,Conwy,LL77 5IR,07939500197,sian.davies@example.com
Sian,Morgan,F,Mr,09/03/1986,Holyhead,Gwynedd,LL77 7DD,08744174814,sian.morgan@example.com
Bryn,Price,M,Mrs,12/09/1995,Y Felinheli,Gwynedd,LL77 6XN,09899275904,bryn.price@example.com
Carys,Roberts,F,Miss,08/03/1974,Rhosneigr,Conwy,LL77 3MI,07067227201,carys.roberts@example.com
Aled,Thomas,F,Miss,10/10/1966,Llanddona,Gwynedd,LL77 7HH,07560812681,aled.thomas@example.com
Rhian,Edwards,M,Miss,03/07/1998,Newborough,Conwy,LL77 8NV,08326364631,rhian.edwards@example.com
Bryn,Morgan,F,Miss,13/03/1975,Llanddona,Conwy,LL77 2SP,09830454047,bryn.morgan@example.com
Nia,Nia,F,Mr,03/02/1999,Menai Bridge,Conwy,LL77 6UW,07131102303,nia.nia@example.com
Katie,Price,F,Ms,26/09/1981,Trearddur Bay,Anglesey,LL77 3HA,07390892722,katie.price@example.com
Ffion,Price,F,Miss,11/04/1974,Llanerchymedd,Anglesey,LL77 1KF,09328862631,ffion.price@example.com
Nia,Idris,F,Dr,12/09/1986,Llanerchymedd,Anglesey,LL77 7OH,07439346610,nia.idris@example.com
Huw,Edwards,F,Dr,05/01/1982,Llanerchymedd,Anglesey,LL77 5VM,07749320529,huw.edwards@example.com
Bryn,Lloyd,M,Ms,01/09/1996,Y Felinheli,Anglesey,LL77 8YC,08016157902,bryn.lloyd@example.com
Wyn,Yorath,M,Mr,08/08/1995,Beaumaris,Anglesey,LL77 2WR,08615849121,wyn.yorath@example.com
Owain,Roberts,M,Dr,05/06/1979,Gaerwen,Gwynedd,LL77 5RV,08158745646,owain.roberts@example.com
Elin,Davies,M,Mr,04/01/1977,Valley,Conwy,LL77 9FG,07318352663,elin.davies@example.com
Katie,Yorath,M,Dr,24/02/1978,Llanbadrig,Gwynedd,LL77 9UO,08659376019,katie.yorath@example.com
Sian,Edwards,F,Mrs,24/11/1974,Holyhead,Conwy,LL77 1ZS,08417395735,sian.edwards@example.com
Aled,Rees,F,Mr,15/04/1971,Gaerwen,Anglesey,LL77 5QJ,09244479895,aled.rees@example.com
Rhian,Rees,M,Dr,03/08/1993,Benllech,Conwy,LL77 1TC,07409541125,rhian.rees@example.com
Katie,Williams,M,Dr,20/12/1975,Llandegfan,Conwy,LL77 8ZS,07913067217,katie.williams@example.com
Megan,Bevan,F,Mrs,05/02/1988,Valley,Conwy,LL77 5VH,09185779123,megan.bevan@example.com
Carys,Thomas,F,Miss,01/10/2000,Llanddona,Gwynedd,LL77 9LT,09678707094,carys.thomas@example.com
Iwan,Yorath,F,Mrs,05/04/1989,Pentraeth,Gwynedd,LL77 2BN,07498715456,iwan.yorath@example.com
Katie,Owen,M,Mr,05/11/1966,Valley,Gwynedd,LL77 8IE,07806740564,katie.owen@example.com
Owain,Lloyd,F,Mrs,19/02/1965,Holyhead,Conwy,LL77 8JT,07330726219,owain.lloyd@example.com
Ffion,Price,M,Miss,04/05/1967,Pentraeth,Anglesey,LL77 8ER,09278095075,ffion.price@example.com
Tegan,Nia,F,Mrs,28/03/1983,Beaumaris,Conwy,LL77 1NQ,08556401033,tegan.nia@example.com
Dafydd,Glyn,F,Dr,02/09/1968,Llanerchymedd,Gwynedd,LL77 5RO,09846151046,dafydd.glyn@example.com
Urien,Ceri,M,Miss,08/11/1963,Amlwch,Conwy,LL77 3PZ,09420930117,urien.ceri@example.com
Owain,Nia,F,Mrs,24/03/1971,Llandegfan,Conwy,LL77 6TU,08867016397,owain.nia@example.com
Ffion,Lloyd,F,Ms,16/02/1964,Trearddur Bay,Conwy,LL77 7NT,08348741413,ffion.lloyd@example.com
Nia,Nia,M,Mrs,16/12/1997,Gaerwen,Gwynedd,LL77 4ML,08094910542,nia.nia@example.com
Iwan,Jones,M,Mr,14/07/1985,Gaerwen,Anglesey,LL77 4QY,09815576366,iwan.jones@example.com
Huw,Rees,F,Dr,01/03/1989,Llanfairpwllgwyngyll,Conwy,LL77 4OW,09064478183,huw.rees@example.com
Megan,Roberts,M,Mrs,22/10/1972,Holyhead,Gwynedd,LL77 4XL,09988866625,megan.roberts@example.com
Urien,Glyn,M,Mrs,18/05/1971,Rhosneigr,Anglesey,LL77 8KM,08761387637,urien.glyn@example.com
Dafydd,Glyn,M,Ms,23/02/1967,Bodedern,Gwynedd,LL77 9KZ,08418451590,dafydd.glyn@example.com
Tegan,Davies,F,Miss,13/12/1979,Menai Bridge,Conwy,LL77 5IF,08742093817,tegan.davies@example.com
Dafydd,Price,M,Ms,09/07/1970,Benllech,Gwynedd,LL77 4TO,09222235877,dafydd.price@example.com
Megan,Walters,F,Dr,21/02/1982,Gaerwen,Conwy,LL77 8NL,09715230288,megan.walters@example.com
Bryn,Roberts,M,Miss,16/08/1985,Llanerchymedd,Conwy,LL77 4JV,08327844877,bryn.roberts@example.com
Dafydd,Lloyd,F,Dr,08/03/1970,Trearddur Bay,Conwy,LL77 9DY,07035624842,dafydd.lloyd@example.com
Nia,Rees,M,Ms,06/10/1976,Trearddur Bay,Gwynedd,LL77 3OQ,09926296536,nia.rees@example.com
Iwan,Edwards,F,Dr,03/11/1965,Amlwch,Gwynedd,LL77 1PG,07178385008,iwan.edwards@example.com
Bryn,Davies,F,Dr,27/02/1974,Holyhead,Conwy,LL77 9ZF,07745776823,bryn.davies@example.com
Ffion,Walters,M,Miss,12/10/1993,Benllech,Anglesey,LL77 1SQ,08754179132,ffion.walters@example.com
Jade,Rees,F,Mrs,12/01/1979,Holyhead,Conwy,LL77 1DE,09324417909,jade.rees@example.com
Dafydd,Jones,M,Mr,25/04/1999,Moelfre,Conwy,LL77 6FN,07015926369,dafydd.jones@example.com
Jade,Nia,F,Dr,16/04/1988,Rhosneigr,Conwy,LL77 5RJ,09015103461,jade.nia@example.com
Rhian,Ceri,F,Ms,06/08/1974,Llanddona,Gwynedd,LL77 7JV,08544834798,rhian.ceri@example.com
Sian,Rees,M,Dr,08/10/1963,Llanbadrig,Conwy,LL77 1NT,09842123331,sian.rees@example.com
Nia,Glyn,M,Mr,20/03/1987,Gaerwen,Conwy,LL77 8TP,07329473838,nia.glyn@example.com
Jade,Price,F,Mr,28/05/1989,Beaumaris,Anglesey,LL77 6XI,07128260693,jade.price@example.com
Owain,Nia,M,Miss,21/03/1977,Bodedern,Conwy,LL77 8QC,08898333508,owain.nia@example.com
Sian,Walters,F,Mrs,01/02/1977,Valley,Gwynedd,LL77 8LN,07405681413,sian.walters@example.com
Owain,Bevan,F,Mrs,25/11/1989,Trearddur Bay,Anglesey,LL77 8JU,07657904017,owain.bevan@example.com
Owain,Roberts,F,Dr,23/01/1978,Llanbadrig,Conwy,LL77 6SW,08652506219,owain.roberts@example.com
Ffion,Idris,M,Dr,09/05/1985,Llandegfan,Gwynedd,LL77 5JX,08899178667,ffion.idris@example.com
Owain,Thomas,F,Mrs,07/10/1980,Rhosneigr,Anglesey,LL77 6AR,08385538399,owain.thomas@example.com
Rhian,Yorath,M,Dr,22/09/1984,Rhosneigr,Gwynedd,LL77 3BR,09905466508,rhian.yorath@example.com
Dafydd,Glyn,F,Miss,15/05/1980,Gaerwen,Conwy,LL77 9WF,07042455928,dafydd.glyn@example.com
Dafydd,Morgan,M,Mr,28/07/1970,Valley,Conwy,LL77 2WW,08312509657,dafydd.morgan@example.com
Huw,Williams,M,Mrs,08/12/1987,Benllech,Gwynedd,LL77 3IJ,09940791080,huw.williams@example.com
Llion,Edwards,F,Miss,09/08/1973,Menai Bridge,Gwynedd,LL77 4WA,09302553661,llion.edwards@example.com
Aled,Glyn,M,Mr,22/06/1962,Llanfairpwllgwyngyll,Anglesey,LL77 9CH,09353196294,aled.glyn@example.com
Nia,Lloyd,F,Ms,12/07/1963,Holyhead,Conwy,LL77 5PI,07630735790,nia.lloyd@example.com
Ffion,Rees,M,Mr,25/05/1981,Valley,Gwynedd,LL77 3LU,08786679431,ffion.rees@example.com
Gareth,Williams,F,Miss,03/08/1985,Benllech,Conwy,LL77 8NQ,07008826266,gareth.williams@example.com
Jade,Walters,M,Ms,27/04/1973,Pentraeth,Conwy,LL77 9TX,07409635220,jade.walters@example.com
Elin,Price,M,Miss,02/01/1964,Moelfre,Gwynedd,LL77 1JP,08530559245,elin.price@example.com
Huw,Yorath,M,Dr,03/04/1985,Gaerwen,Conwy,LL77 7AG,07505894994,huw.yorath@example.com
Owain,Fychan,F,Dr,06/02/1996,Rhosneigr,Gwynedd,LL77 5YH,09842734693,owain.fychan@example.com
Katie,Nia,M,Mr,10/09/1983,Benllech,Conwy,LL77 2YP,09850052314,katie.nia@example.com
Huw,Lloyd,M,Mr,10/10/1996,Holyhead,Gwynedd,LL77 5RT,09646373873,huw.lloyd@example.com
Elin,Edwards,F,Dr,03/07/1970,Cemaes,Gwynedd,LL77 8KC,08168788724,elin.edwards@example.com
Carys,Williams,M,Miss,11/01/1992,Benllech,Anglesey,LL77 9EH,09038021128,carys.williams@example.com
Elin,Glyn,F,Miss,18/03/1979,Newborough,Conwy,LL77 8LP,08902596637,elin.glyn@example.com
Huw,Fychan,F,Dr,23/04/1981,Menai Bridge,Conwy,LL77 5QW,07675946664,huw.fychan@example.com
Huw,Idris,M,Miss,05/11/1990,Pentraeth,Anglesey,LL77 7ZN,08077173163,huw.idris@example.com
Gareth,Lloyd,F,Ms,12/01/1970,Llandegfan,Gwynedd,LL77 5TZ,08497610631,gareth.lloyd@example.com
Megan,Morgan,F,Miss,14/06/1962,Beaumaris,Conwy,LL77 5IV,07248846094,megan.morgan@example.com
Nia,Thomas,M,Dr,03/05/1987,Llanddona,Conwy,LL77 6AP,07978526757,nia.thomas@example.com
Gareth,Hedd,M,Mr,15/01/1966,Llanerchymedd,Conwy,LL77 8MA,08174734582,gareth.hedd@example.com
Megan,Edwards,F,Mrs,01/04/1997,Rhosneigr,Anglesey,LL77 3LH,07040504761,megan.edwards@example.com
Tegan,Yorath,F,Mr,26/05/1975,Llanerchymedd,Gwynedd,LL77 2KM,08572160921,tegan.yorath@example.com
Owain,Lloyd,F,Mrs,23/11/1978,Llanfairpwllgwyngyll,Anglesey,LL77 8TO,09207439793,owain.lloyd@example.com
Gareth,Nia,M,Dr,08/11/1976,Y Felinheli,Gwynedd,LL77 2YB,09001974355,gareth.nia@example.com
Aled,Lloyd,F,Miss,27/10/1965,Holyhead,Conwy,LL77 1XS,09966677914,aled.lloyd@example.com
Tegan,Rees,M,Ms,11/10/1993,Y Felinheli,Gwynedd,LL77 3RX,09254721644,tegan.rees@example.com
Iwan,Hedd,M,Ms,16/12/1990,Llandegfan,Anglesey,LL77 2UV,07171142418,iwan.hedd@example.com
Urien,Ceri,F,Mrs,19/01/2000,Newborough,Anglesey,LL77 3BL,09695124939,urien.ceri@example.com
Carys,Rees,M,Mrs,18/07/1976,Amlwch,Anglesey,LL77 8OQ,07286517047,carys.rees@example.com
Owain,Lloyd,F,Dr,21/03/1978,Cemaes,Conwy,LL77 8NW,09316681647,owain.lloyd@example.com
Elin,Jones,M,Dr,16/04/2000,Y Felinheli,Conwy,LL77 9CD,07462069718,elin.jones@example.com
Huw,Rees,F,Ms,07/05/1976,Rhosneigr,Anglesey,LL77 2RO,07979008136,huw.rees@example.com
Bryn,Williams,M,Miss,10/07/1961,Llanfairpwllgwyngyll,Anglesey,LL77 3QN,08051465321,bryn.williams@example.com
Urien,Lloyd,F,Mrs,07/02/1963,Valley,Anglesey,LL77 3XP,07646029261,urien.lloyd@example.com
Nia,Roberts,M,Ms,27/12/1971,Llanddona,Gwynedd,LL77 8LC,08233055079,nia.roberts@example.com
Gareth,Yorath,F,Ms,23/10/1973,Rhosneigr,Anglesey,LL77 6YI,07910890672,gareth.yorath@example.com
Urien,Ceri,F,Mrs,03/08/1965,Moelfre,Anglesey,LL77 8GJ,09352526308,urien.ceri@example.com
Rhian,Lloyd,F,Miss,24/05/1998,Llandegfan,Conwy,LL77 2GQ,08818511483,rhian.lloyd@example.com
Ffion,Edwards,F,Miss,05/03/1977,Llandegfan,Anglesey,LL77 8QI,09481644493,ffion.edwards@example.com
Bryn,Williams,M,Mr,21/11/1973,Llanbadrig,Gwynedd,LL77 9RQ,08775353532,bryn.williams@example.com
Sian,Owen,F,Mr,15/07/1965,Llanbadrig,Conwy,LL77 4XB,08657282145,sian.owen@example.com
Carys,Walters,M,Mr,25/04/1976,Menai Bridge,Conwy,LL77 2XI,08991995576,carys.walters@example.com
Urien,Jones,M,Miss,23/05/1981,Cemaes,Conwy,LL77 5MA,07207679819,urien.jones@example.com
Elin,Roberts,M,Mrs,10/12/1986,Benllech,Gwynedd,LL77 1VL,07179679233,elin.roberts@example.com
Tegan,Idris,F,Ms,02/01/1981,Gaerwen,Conwy,LL77 1DZ,08351478352,tegan.idris@example.com
Llion,Owen,M,Dr,17/05/1965,Llanddona,Conwy,LL77 6VI,07715727908,llion.owen@example.com
Jade,Morgan,M,Ms,20/11/1994,Rhosneigr,Gwynedd,LL77 3VS,09856621507,jade.morgan@example.com
Nia,Lloyd,F,Mr,23/04/1976,Llanddona,Conwy,LL77 6DK,07658381808,nia.lloyd@example.com
Tegan,Bevan,F,Miss,13/04/1980,Menai Bridge,Conwy,LL77 2CZ,08282311119,tegan.bevan@example.com
Dafydd,Davies,M,Mr,16/11/1986,Llandegfan,Gwynedd,LL77 2EK,08711886586,dafydd.davies@example.com
Bryn,Price,M,Mrs,02/04/1997,Pentraeth,Anglesey,LL77 2RA,07051584296,bryn.price@example.com
Rhian,Owen,F,Mrs,04/08/1996,Menai Bridge,Anglesey,LL77 9DX,07586289301,rhian.owen@example.com
Gareth,Thomas,F,Dr,19/09/1966,Llanbadrig,Gwynedd,LL77 2YG,08214150348,gareth.thomas@example.com
Dafydd,Nia,F,Miss,22/03/1990,Valley,Conwy,LL77 9GN,07847043443,dafydd.nia@example.com
Jade,Idris,F,Mrs,05/06/1994,Amlwch,Conwy,LL77 9LG,08323425820,jade.idris@example.com
Nia,Ceri,F,Mrs,26/07/1992,Llanfairpwllgwyngyll,Conwy,LL77 1QP,08169287948,nia.ceri@example.com
Iwan,Price,F,Ms,07/01/1982,Trearddur Bay,Gwynedd,LL77 5SU,07757188826,iwan.price@example.com
Gareth,Lloyd,M,Mrs,19/06/1966,Llanddona,Conwy,LL77 6PC,09565955510,gareth.lloyd@example.com
Bryn,Thomas,M,Mr,22/11/1972,Y Felinheli,Gwynedd,LL77 2CY,08745232344,bryn.thomas@example.com
Huw,Bevan,F,Mr,14/06/1995,Cemaes,Anglesey,LL77 8NV,07322583536,huw.bevan@example.com
Nia,Owen,F,Mr,15/09/1965,Benllech,Conwy,LL77 5AZ,09221239066,nia.owen@example.com
Dafydd,Davies,F,Ms,03/03/1984,Bodedern,Conwy,LL77 3BA,08207510194,dafydd.davies@example.com
Rhian,Lloyd,M,Ms,21/03/1973,Menai Bridge,Anglesey,LL77 8CE,07611981199,rhian.lloyd@example.com
Llion,Davies,M,Ms,01/01/1997,Amlwch,Gwynedd,LL77 6KG,07119719941,llion.davies@example.com
Elin,Morgan,M,Mrs,22/08/1990,Benllech,Conwy,LL77 7BZ,08305500504,elin.morgan@example.com
Bryn,Yorath,F,Mr,24/11/1978,Bodedern,Gwynedd,LL77 9QD,08275030567,bryn.yorath@example.com
Tegan,Roberts,M,Miss,13/01/1960,Amlwch,Conwy,LL77 7MH,07947047964,tegan.roberts@example.com
Ffion,Williams,M,Ms,04/04/1970,Moelfre,Conwy,LL77 2QF,07825799846,ffion.williams@example.com
Megan,Nia,F,Miss,11/12/1993,Llanfairpwllgwyngyll,Gwynedd,LL77 9IA,08425114004,megan.nia@example.com
Jade,Williams,F,Ms,05/12/1998,Y Felinheli,Conwy,LL77 1ME,08701130226,jade.williams@example.com
Llion,Fychan,M,Miss,24/05/1981,Y Felinheli,Gwynedd,LL77 3US,09556491530,llion.fychan@example.com
Elin,Edwards,M,Mrs,09/06/1981,Beaumaris,Gwynedd,LL77 5DA,08070163170,elin.edwards@example.com
Carys,Roberts,F,Dr,12/10/1990,Gaerwen,Anglesey,LL77 6PV,09549153474,carys.roberts@example.com
Llion,Roberts,M,Dr,18/12/1971,Gaerwen,Gwynedd,LL77 4JA,08380515868,llion.roberts@example.com
Carys,Lloyd,M,Mrs,20/12/1966,Beaumaris,Gwynedd,LL77 6JA,07085792592,carys.lloyd@example.com
Ffion,Bevan,F,Dr,04/02/1972,Trearddur Bay,Gwynedd,LL77 8KR,08638509331,ffion.bevan@example.com
Megan,Jones,M,Miss,14/12/1965,Holyhead,Gwynedd,LL77 3YI,08931117352,megan.jones@example.com
Jade,Ceri,F,Dr,15/07/1977,Trearddur Bay,Anglesey,LL77 7SO,09857605490,jade.ceri@example.com
Llion,Edwards,F,Dr,03/01/1972,Beaumaris,Anglesey,LL77 2WC,08885105484,llion.edwards@example.com
Aled,Jones,F,Miss,27/12/1976,Pentraeth,Anglesey,LL77 1UZ,09100397632,aled.jones@example.com
Nia,Thomas,F,Miss,23/03/2000,Amlwch,Conwy,LL77 2RG,07430921721,nia.thomas@example.com
Tegan,Davies,F,Dr,16/06/1961,Y Felinheli,Anglesey,LL77 3TS,08324301384,tegan.davies@example.com
Nia,Morgan,F,Ms,05/09/1979,Moelfre,Gwynedd,LL77 9LS,07084760558,nia.morgan@example.com
Owain,Morgan,M,Dr,26/02/1993,Llandegfan,Gwynedd,LL77 3FG,08761700825,owain.morgan@example.com
Megan,Edwards,M,Ms,17/07/1989,Amlwch,Gwynedd,LL77 3WV,08170411567,megan.edwards@example.com
Huw,Nia,F,Mrs,15/12/1977,Moelfre,Anglesey,LL77 1JG,08350454115,huw.nia@example.com
Carys,Williams,M,Mr,18/05/1983,Llanerchymedd,Conwy,LL77 1GU,09811501270,carys.williams@example.com
Gareth,Nia,M,Dr,15/09/1983,Pentraeth,Anglesey,LL77 7SD,09985250193,gareth.nia@example.com
Iwan,Nia,F,Ms,16/09/1983,Gaerwen,Conwy,LL77 6QG,09054802808,iwan.nia@example.com
Aled,Yorath,M,Mr,23/09/1995,Pentraeth,Anglesey,LL77 3CE,08750741224,aled.yorath@example.com
Carys,Williams,M,Miss,08/01/1965,Trearddur Bay,Gwynedd,LL77 6IB,07445296850,carys.williams@example.com
Aled,Idris,M,Dr,03/02/1984,Pentraeth,Conwy,LL77 3PL,07454343291,aled.idris@example.com
Ffion,Nia,F,Mr,04/08/1963,Rhosneigr,Anglesey,LL77 9DR,07566167621,ffion.nia@example.com
Wyn,Williams,M,Dr,20/03/1992,Llanddona,Conwy,LL77 7ZM,07327530958,wyn.williams@example.com
Urien,Lloyd,M,Ms,17/02/1963,Cemaes,Conwy,LL77 2IE,07048485024,urien.lloyd@example.com
Iwan,Williams,M,Mr,10/10/1999,Newborough,Anglesey,LL77 6LT,09366721097,iwan.williams@example.com
Bryn,Idris,M,Dr,22/10/1991,Trearddur Bay,Conwy,LL77 9VZ,08093726882,bryn.idris@example.com
Katie,Glyn,F,Ms,16/08/1973,Menai Bridge,Gwynedd,LL77 8NK,07615458326,katie.glyn@example.com
Carys,Roberts,M,Dr,10/05/1986,Pentraeth,Anglesey,LL77 4UV,09073231340,carys.roberts@example.com
Iwan,Rees,M,Mrs,18/11/1978,Pentraeth,Conwy,LL77 4GV,08700176022,iwan.rees@example.com
Megan,Rees,F,Mr,13/03/1999,Llanbadrig,Anglesey,LL77 1IG,09896983921,megan.rees@example.com
Wyn,Roberts,F,Ms,22/06/1964,Rhosneigr,Anglesey,LL77 8WF,08306596817,wyn.roberts@example.com
Elin,Fychan,M,Dr,04/01/1967,Newborough,Conwy,LL77 1WH,08916993514,elin.fychan@example.com
Katie,Nia,M,Dr,24/01/1998,Newborough,Conwy,LL77 2GH,09797072397,katie.nia@example.com
Urien,Bevan,F,Miss,01/11/1961,Beaumaris,Anglesey,LL77 5MF,07414406893,urien.bevan@example.com
Rhian,Jones,F,Dr,22/12/1966,Amlwch,Anglesey,LL77 8HQ,09174976232,rhian.jones@example.com
Ffion,Price,F,Ms,16/02/1983,Trearddur Bay,Gwynedd,LL77 1LE,07321315258,ffion.price@example.com
Gareth,Glyn,M,Mr,10/02/1980,Menai Bridge,Anglesey,LL77 8ZT,07086188754,gareth.glyn@example.com
Ffion,Yorath,M,Dr,15/05/1969,Bodedern,Anglesey,LL77 7DJ,08019662009,ffion.yorath@example.com
Bryn,Owen,M,Ms,08/12/1977,Pentraeth,Gwynedd,LL77 5DN,09021593681,bryn.owen@example.com
Llion,Rees,M,Dr,04/04/1978,Valley,Anglesey,LL77 7KW,08866849366,llion.rees@example.com
Llion,Nia,F,Ms,15/05/1975,Trearddur Bay,Conwy,LL77 1PS,08998102466,llion.nia@example.com
Rhian,Rees,F,Dr,03/03/1986,Llanbadrig,Conwy,LL77 4GH,08333931886,rhian.rees@example.com
Huw,Davies,M,Ms,17/09/1983,Pentraeth,Anglesey,LL77 1YT,07948055501,huw.davies@example.com
Llion,Rees,F,Ms,17/11/1962,Valley,Anglesey,LL77 1QK,08335564224,llion.rees@example.com
Urien,Jones,F,Ms,25/07/1967,Trearddur Bay,Conwy,LL77 6XH,07264100377,urien.jones@example.com
Carys,Lloyd,M,Mrs,03/05/1962,Llanfairpwllgwyngyll,Anglesey,LL77 4CB,07148607982,carys.lloyd@example.com
Rhian,Bevan,M,Miss,14/01/1966,Menai Bridge,Anglesey,LL77 9OH,07478893969,rhian.bevan@example.com
Tegan,Price,F,Miss,23/08/1969,Llanbadrig,Gwynedd,LL77 2JI,07000851555,tegan.price@example.com
Elin,Thomas,F,Ms,27/07/1983,Beaumaris,Anglesey,LL77 9KP,09554535859,elin.thomas@example.com
Nia,Fychan,M,Mr,23/06/1985,Benllech,Gwynedd,LL77 1WW,09667012027,nia.fychan@example.com
Katie,Ceri,F,Ms,15/05/1966,Trearddur Bay,Gwynedd,LL77 3CG,08319863518,katie.ceri@example.com
Dafydd,Walters,M,Dr,04/07/1981,Benllech,Conwy,LL77 8IC,09668222741,dafydd.walters@example.com
Owain,Ceri,F,Miss,02/01/1997,Llanerchymedd,Gwynedd,LL77 7CN,09416544238,owain.ceri@example.com
Dafydd,Davies,F,Dr,01/04/1987,Llanfairpwllgwyngyll,Gwynedd,LL77 4HZ,08019289357,dafydd.davies@example.com
Carys,Davies,M,Mrs,03/03/1996,Cemaes,Anglesey,LL77 7IR,08340667586,carys.davies@example.com
Jade,Bevan,F,Mr,06/02/1961,Llanbadrig,Gwynedd,LL77 9AC,08362527522,jade.bevan@example.com
Aled,Jones,M,Dr,16/06/1995,Benllech,Conwy,LL77 5IU,09515486974,aled.jones@example.com
Bryn,Roberts,M,Dr,03/04/1981,Trearddur Bay,Conwy,LL77 9OP,09110867838,bryn.roberts@example.com
Urien,Edwards,F,Mr,09/09/1981,Gaerwen,Conwy,LL77 2QF,08698508589,urien.edwards@example.com
Megan,Davies,M,Ms,28/01/1988,Y Felinheli,Anglesey,LL77 6MW,09678246212,megan.davies@example.com
Iwan,Owen,M,Miss,25/10/1978,Pentraeth,Gwynedd,LL77 7UM,08521435411,iwan.owen@example.com
Owain,Yorath,M,Dr,21/10/1998,Trearddur Bay,Gwynedd,LL77 5ZU,08557449066,owain.yorath@example.com
Bryn,Ceri,F,Ms,28/11/1994,Bodedern,Anglesey,LL77 4SV,07164416483,bryn.ceri@example.com
Rhian,Ceri,F,Ms,12/12/1991,Llandegfan,Gwynedd,LL77 9QW,09899883785,rhian.ceri@example.com
Jade,Ceri,F,Mr,16/05/1972,Benllech,Anglesey,LL77 6WH,09289192185,jade.ceri@example.com
Rhian,Owen,F,Ms,21/12/1969,Newborough,Anglesey,LL77 1VT,08706807459,rhian.owen@example.com
Rhian,Nia,F,Miss,17/02/1997,Menai Bridge,Anglesey,LL77 7AE,08534249935,rhian.nia@example.com
Urien,Walters,F,Miss,17/09/1973,Valley,Anglesey,LL77 4GY,08568131797,urien.walters@example.com
Owain,Hedd,F,Mrs,19/10/1967,Llanfairpwllgwyngyll,Conwy,LL77 9YY,08766510073,owain.hedd@example.com
Gareth,Walters,M,Ms,24/03/1968,Gaerwen,Conwy,LL77 2CG,09336449815,gareth.walters@example.com
Iwan,Fychan,M,Dr,27/07/1996,Beaumaris,Conwy,LL77 3GB,09720625794,iwan.fychan@example.com
Rhian,Jones,M,Mrs,14/11/1967,Llanddona,Conwy,LL77 9NL,07824982448,rhian.jones@example.com
Gareth,Williams,F,Miss,06/08/1965,Pentraeth,Gwynedd,LL77 1PJ,08547540669,gareth.williams@example.com
Gareth,Davies,M,Mrs,21/06/1982,Beaumaris,Gwynedd,LL77 9PE,08125953465,gareth.davies@example.com
Nia,Hedd,F,Mrs,22/10/1975,Cemaes,Anglesey,LL77 8GR,08773497832,nia.hedd@example.com
Dafydd,Jones,M,Dr,25/04/1988,Amlwch,Conwy,LL77 7WU,09783525456,dafydd.jones@example.com
Owain,Roberts,M,Mrs,21/06/1977,Menai Bridge,Gwynedd,LL77 7ZV,09914859406,owain.roberts@example.com
Nia,Price,F,Ms,19/12/1993,Beaumaris,Gwynedd,LL77 7TY,09569532536,nia.price@example.com
Ffion,Jones,M,Dr,10/02/1961,Rhosneigr,Anglesey,LL77 6MT,07179231692,ffion.jones@example.com
Jade,Roberts,F,Miss,05/04/1981,Pentraeth,Conwy,LL77 7NJ,08278228743,jade.roberts@example.com
Huw,Bevan,F,Mrs,12/09/1987,Moelfre,Gwynedd,LL77 8FG,08837469878,huw.bevan@example.com
Ffion,Ceri,M,Dr,14/04/1981,Valley,Gwynedd,LL77 1AL,09227960545,ffion.ceri@example.com
Sian,Morgan,M,Ms,17/08/1991,Amlwch,Conwy,LL77 3YE,07686376439,sian.morgan@example.com
Bryn,Price,M,Miss,13/02/1987,Pentraeth,Conwy,LL77 9KG,08515516967,bryn.price@example.com
Nia,Hedd,F,Mr,17/01/1976,Cemaes,Gwynedd,LL77 4SJ,07418965584,nia.hedd@example.com
Katie,Fychan,M,Mr,02/04/1972,Holyhead,Gwynedd,LL77 1VA,09247518396,katie.fychan@example.com
Llion,Glyn,F,Ms,18/06/1999,Llanerchymedd,Conwy,LL77 1OR,09655706749,llion.glyn@example.com
Aled,Ceri,F,Miss,19/02/1968,Y Felinheli,Gwynedd,LL77 2MW,08411761773,aled.ceri@example.com
Bryn,Nia,F,Ms,16/10/1961,Valley,Gwynedd,LL77 9VT,09086515945,bryn.nia@example.com
Aled,Bevan,M,Ms,13/01/1971,Trearddur Bay,Gwynedd,LL77 9UA,07992010084,aled.bevan@example.com
Sian,Yorath,M,Ms,06/10/1996,Pentraeth,Conwy,LL77 3XP,07705677359,sian.yorath@example.com
Wyn,Idris,F,Ms,21/01/1996,Llanddona,Conwy,LL77 4ZG,08324665760,wyn.idris@example.com
Owain,Hedd,M,Ms,24/08/1964,Beaumaris,Anglesey,LL77 6WB,08116587061,owain.hedd@example.com
Iwan,Fychan,F,Miss,06/10/1965,Llanbadrig,Gwynedd,LL77 2AD,08432251337,iwan.fychan@example.com
Tegan,Hedd,M,Miss,16/05/1963,Holyhead,Gwynedd,LL77 4OH,08510351317,tegan.hedd@example.com
Wyn,Owen,F,Mr,19/07/1963,Rhosneigr,Conwy,LL77 3YL,08291787183,wyn.owen@example.com
Elin,Owen,F,Ms,03/05/1982,Llanerchymedd,Conwy,LL77 4FY,08038643985,elin.owen@example.com
Iwan,Nia,F,Mrs,25/12/1975,Amlwch,Anglesey,LL77 4OE,09222626684,iwan.nia@example.com
Llion,Williams,M,Mrs,20/04/1990,Llanfairpwllgwyngyll,Conwy,LL77 9CK,08023315462,llion.williams@example.com
Rhian,Edwards,F,Ms,12/01/1960,Moelfre,Anglesey,LL77 6XV,09663175647,rhian.edwards@example.com
Ffion,Price,F,Mrs,17/10/1987,Menai Bridge,Conwy,LL77 8MD,07974238883,ffion.price@example.com
Carys,Price,F,Dr,16/04/1978,Bodedern,Gwynedd,LL77 6YG,09850228477,carys.price@example.com
Tegan,Roberts,F,Ms,02/05/1973,Trearddur Bay,Conwy,LL77 5TN,09340835314,tegan.roberts@example.com
Tegan,Owen,M,Dr,24/04/1998,Pentraeth,Conwy,LL77 5KY,07405265953,tegan.owen@example.com
Iwan,Owen,M,Dr,17/02/1966,Benllech,Gwynedd,LL77 1FU,07291198998,iwan.owen@example.com
Nia,Owen,F,Ms,09/04/1977,Holyhead,Conwy,LL77 7EQ,07300622626,nia.owen@example.com
Carys,Morgan,F,Mrs,21/03/1992,Llanerchymedd,Gwynedd,LL77 9ZQ,07544146646,carys.morgan@example.com
Aled,Davies,M,Miss,17/09/1963,Y Felinheli,Conwy,LL77 7LZ,07212063691,aled.davies@example.com
Wyn,Walters,F,Mrs,15/11/1965,Cemaes,Conwy,LL77 8JD,09127410028,wyn.walters@example.com
Ffion,Lloyd,M,Dr,27/05/1977,Y Felinheli,Conwy,LL77 5GF,08033138547,ffion.lloyd@example.com
Ffion,Roberts,F,Mr,16/07/1988,Llanerchymedd,Anglesey,LL77 2JX,09602061663,ffion.roberts@example.com
Nia,Lloyd,F,Miss,02/01/1994,Bodedern,Anglesey,LL77 7CS,09622269294,nia.lloyd@example.com
Sian,Glyn,F,Miss,11/11/1990,Amlwch,Gwynedd,LL77 4ZB,08441048238,sian.glyn@example.com
Megan,Davies,M,Ms,28/11/1995,Moelfre,Anglesey,LL77 8BL,09237788635,megan.davies@example.com
Dafydd,Idris,F,Dr,15/08/1994,Newborough,Anglesey,LL77 9VC,09656745438,dafydd.idris@example.com
Urien,Morgan,F,Dr,04/12/1990,Llanerchymedd,Anglesey,LL77 2OH,08089827856,urien.morgan@example.com
Bryn,Nia,M,Miss,19/09/1983,Y Felinheli,Anglesey,LL77 6TR,07235488302,bryn.nia@example.com
Gareth,Walters,M,Ms,25/02/1983,Trearddur Bay,Anglesey,LL77 2LU,09024597054,gareth.walters@example.com
Llion,Thomas,M,Mrs,09/02/1987,Llanddona,Anglesey,LL77 3MD,08266840448,llion.thomas@example.com
Carys,Bevan,F,Dr,19/02/1999,Menai Bridge,Conwy,LL77 7KI,07833015587,carys.bevan@example.com
Huw,Edwards,F,Dr,09/08/1971,Cemaes,Conwy,LL77 2VU,09081882566,huw.edwards@example.com
Huw,Nia,M,Miss,09/04/1963,Y Felinheli,Gwynedd,LL77 3GO,09750935436,huw.nia@example.com
Katie,Fychan,M,Miss,09/06/1995,Llandegfan,Conwy,LL77 2IW,08432046849,katie.fychan@example.com
Gareth,Hedd,M,Mr,06/09/1987,Valley,Gwynedd,LL77 3MQ,08445562772,gareth.hedd@example.com
Nia,Williams,M,Ms,07/04/1983,Newborough,Conwy,LL77 8GF,09383943449,nia.williams@example.com
Carys,Roberts,F,Mr,22/01/1981,Pentraeth,Anglesey,LL77 4XT,08411724255,carys.roberts@example.com
Huw,Lloyd,M,Dr,15/09/1981,Y Felinheli,Conwy,LL77 6RI,08357998150,huw.lloyd@example.com
Nia,Davies,F,Mr,12/04/1965,Llanddona,Conwy,LL77 5SN,08923970085,nia.davies@example.com
Owain,Thomas,F,Miss,04/11/1995,Trearddur Bay,Conwy,LL77 6TI,09498622028,owain.thomas@example.com
Iwan,Jones,F,Dr,14/03/1961,Llandegfan,Gwynedd,LL77 3HZ,09679256507,iwan.jones@example.com
Wyn,Fychan,F,Miss,21/05/1972,Y Felinheli,Gwynedd,LL77 5GD,08310992645,wyn.fychan@example.com
Megan,Idris,M,Mr,25/03/1976,Llanbadrig,Anglesey,LL77 9WS,09439696084,megan.idris@example.com
Iwan,Bevan,F,Ms,20/11/1967,Llanfairpwllgwyngyll,Gwynedd,LL77 5VO,08786313631,iwan.bevan@example.com
Gareth,Walters,M,Miss,23/03/1978,Amlwch,Conwy,LL77 7WN,08076793930,gareth.walters@example.com
Huw,Hedd,F,Ms,04/04/1985,Moelfre,Anglesey,LL77 2GJ,07449189868,huw.hedd@example.com
Megan,Davies,M,Ms,10/08/1974,Llanfairpwllgwyngyll,Conwy,LL77 7SJ,07622686148,megan.davies@example.com
Aled,Lloyd,M,Dr,20/06/1968,Gaerwen,Gwynedd,LL77 2IR,09184147192,aled.lloyd@example.com
Elin,Ceri,M,Mr,08/12/1976,Llanbadrig,Gwynedd,LL77 1MK,09077167861,elin.ceri@example.com
