username,password,forename,surname,sex,title,birthdate,hire_date,job_description,town,county,postcode,phone_num,email
fdavies,zw6Si5tsDP!,Ffion,Davies,M,Mr,09/11/1985,03/10/2020,Employee,Moelfre,Anglesey,LL77 2KP,08902514677,ffion.davies@example.com
kthomas,2FlciEEkQ8!,Katie,Thomas,M,Mr,22/05/1960,12/10/2014,Manager,Amlwch,Conwy,LL77 4GA,08633781127,katie.thomas@example.com
nowen,PakprmmwX1!,Nia,Owen,M,Mrs,16/04/1978,09/05/2018,Employee,Bodedern,Anglesey,LL77 1OG,07570772916,nia.owen@example.com
eowen,0BCG3scBTz!,Elin,Owen,F,Dr,11/12/1967,17/12/2013,Employee,Llandegfan,Gwynedd,LL77 4SJ,08204245973,elin.owen@example.com
gmorgan,Wcoa5kHr56!,Gareth,Morgan,M,Ms,15/04/1994,21/02/2017,Employee,Gaerwen,Anglesey,LL77 9OF,08317807193,gareth.morgan@example.com
dedwards,SG3P5kVcGz!,Dafydd,Edwards,M,Dr,13/05/1993,23/03/2012,Employee,Valley,Anglesey,LL77 4HI,09962256465,dafydd.edwards@example.com
sthomas,fAmA4eftrW!,Sian,Thomas,F,Mr,12/08/1964,09/07/2020,Employee,Valley,Gwynedd,LL77 2BS,08422656730,sian.thomas@example.com
sthomas,yDCe7LxpQg!,Sian,Thomas,M,Mrs,07/02/1981,20/09/2016,Manager,Beaumaris,Gwynedd,LL77 8IN,07309799755,sian.thomas@example.com
wthomas,wFvBjCHSyZ!,Wyn,Thomas,F,Dr,25/06/1960,18/07/2022,Manager,Cemaes,Conwy,LL77 5IW,08465976252,wyn.thomas@example.com
ohedd,FoSYHpfh8Y!,Owain,Hedd,F,Dr,27/03/1977,03/10/2014,Manager,Rhosneigr,Gwynedd,LL77 4GL,09635949659,owain.hedd@example.com
bowen,lGguCYlVqr!,Bryn,Owen,M,Mr,01/07/1983,10/09/2010,Manager,Valley,Anglesey,LL77 6TJ,07178426795,bryn.owen@example.com
ania,CWL6IQHQLD!,Aled,Nia,F,Miss,18/12/1978,19/03/2015,Employee,Rhosneigr,Gwynedd,LL77 5PY,09371413111,aled.nia@example.com
cowen,cucS73XzEq!,Carys,Owen,F,Ms,09/06/1990,11/08/2013,Employee,Llandegfan,Conwy,LL77 6WS,09862458188,carys.owen@example.com
sceri,BnwMXHhSEN!,Sian,Ceri,F,Mrs,21/12/1998,16/02/2020,Employee,Valley,Anglesey,LL77 5WD,07520838625,sian.ceri@example.com
oowen,DFtClMkX7H!,Owain,Owen,F,Ms,05/10/1995,19/02/2014,Manager,Newborough,Gwynedd,LL77 2XQ,08876912740,owain.owen@example.com
sfychan,3ygAECxVgs!,Sian,Fychan,F,Miss,18/09/1980,06/09/2016,Manager,Trearddur Bay,Conwy,LL77 7QT,08033856309,sian.fychan@example.com
bdavies,V4Mg4SwVV9!,Bryn,Davies,M,Mr,10/05/1981,24/01/2021,Manager,Amlwch,Conwy,LL77 4TP,07639562512,bryn.davies@example.com
rjones,XJm7AvxBLu!,Rhian,Jones,M,Dr,10/05/1995,26/06/2011,Manager,Amlwch,Conwy,LL77 9HI,07430296279,rhian.jones@example.com
gnia,9cMsv00BWA!,Gareth,Nia,F,Miss,26/10/1998,23/04/2018,Manager,Llanddona,Conwy,LL77 5VP,09402594582,gareth.nia@example.com
iroberts,hPk96sjG3N!,Iwan,Roberts,F,Mr,04/05/1975,27/11/2011,Manager,Llanbadrig,Conwy,LL77 1HN,08434994974,iwan.roberts@example.com
ghedd,kevlaMq0hL!,Gareth,Hedd,M,Miss,01/10/1999,02/10/2012,Employee,Llanfairpwllgwyngyll,Gwynedd,LL77 2WT,08258819781,gareth.hedd@example.com
aedwards,7gBA0vhfOf!,Aled,Edwards,F,Mr,17/10/1971,04/06/2015,Employee,Llanddona,Anglesey,LL77 1SH,07100175502,aled.edwards@example.com
hbevan,p9XOBc2psX!,Huw,Bevan,F,Mrs,02/10/1998,27/10/2013,Employee,Valley,Conwy,LL77 1BS,08093866324,huw.bevan@example.com
hwalters,NIoD4ZtzQb!,Huw,Walters,F,Miss,05/10/1968,06/12/2015,Manager,Llanbadrig,Conwy,LL77 8YT,07037724465,huw.walters@example.com
oroberts,XhUv7HZEH3!,Owain,Roberts,F,Mrs,09/04/1994,06/08/2014,Manager,Holyhead,Conwy,LL77 2HB,09516684203,owain.roberts@example.com
jprice,z9xlcchwB6!,Jade,Price,F,Dr,18/12/1984,18/05/2021,Employee,Cemaes,Anglesey,LL77 5LZ,09537621952,jade.price@example.com
gfychan,PIEjXwMW9s!,Gareth,Fychan,M,Miss,15/02/1989,14/08/2019,Manager,Cemaes,Gwynedd,LL77 1ZQ,09358056961,gareth.fychan@example.com
cceri,B4JJyYrdjL!,Carys,Ceri,F,Miss,23/02/1986,04/04/2014,Employee,Trearddur Bay,Conwy,LL77 7GO,08640224658,carys.ceri@example.com
djones,ZMFnIJSfem!,Dafydd,Jones,M,Mr,06/09/1977,22/07/2010,Employee,Moelfre,Anglesey,LL77 6FJ,09340437845,dafydd.jones@example.com
nwalters,YVOugAAv8G!,Nia,Walters,M,Miss,01/10/1965,09/07/2017,Manager,Llandegfan,Gwynedd,LL77 4SI,08439885078,nia.walters@example.com
sjones,tROQvP5UdW!,Sian,Jones,F,Mrs,19/12/1980,20/01/2019,Manager,Pentraeth,Anglesey,LL77 8GZ,09155528408,sian.jones@example.com
fbevan,vHJe1Ds88o!,Ffion,Bevan,M,Ms,15/12/1979,20/03/2013,Employee,Pentraeth,Conwy,LL77 8JG,09846437424,ffion.bevan@example.com
hlloyd,gZgoChhBhx!,Huw,Lloyd,M,Ms,24/07/1978,21/04/2016,Employee,Gaerwen,Conwy,LL77 6SP,07474564822,huw.lloyd@example.com
gedwards,EX4S6WRYx3!,Gareth,Edwards,M,Mrs,21/06/1980,18/05/2022,Manager,Y Felinheli,Conwy,LL77 7ZK,08508030320,gareth.edwards@example.com
oowen,Hkk5zTwLto!,Owain,Owen,F,Mrs,14/06/1963,04/10/2010,Manager,Llandegfan,Anglesey,LL77 2WL,08394975562,owain.owen@example.com
tbevan,31myqAeKSx!,Tegan,Bevan,M,Ms,08/05/1978,15/11/2014,Manager,Llanddona,Anglesey,LL77 6EH,09179970797,tegan.bevan@example.com
ihedd,E6CgYfaf6T!,Iwan,Hedd,F,Ms,25/01/1975,18/03/2016,Manager,Cemaes,Anglesey,LL77 9GE,09814093280,iwan.hedd@example.com
slloyd,jo68FbI8r8!,Sian,Lloyd,M,Ms,18/07/1983,10/09/2019,Manager,Llanfairpwllgwyngyll,Anglesey,LL77 7UG,08292065674,sian.lloyd@example.com
fdavies,PVLOmpHeWY!,Ffion,Davies,M,Mrs,09/12/1983,20/11/2022,Employee,Trearddur Bay,Anglesey,LL77 1FO,07283748335,ffion.davies@example.com
awalters,iuYOeoiObD!,Aled,Walters,M,Miss,07/04/1982,28/11/2020,Manager,Moelfre,Gwynedd,LL77 3XV,08087445987,aled.walters@example.com
cyorath,8IMQlLpjjm!,Carys,Yorath,M,Mr,21/01/1994,04/10/2010,Employee,Trearddur Bay,Gwynedd,LL77 1HK,08004970996,carys.yorath@example.com
ljones,Epj0UXZtx7!,Llion,Jones,M,Mrs,12/04/1981,11/03/2018,Manager,Bodedern,Gwynedd,LL77 6VS,07124973528,llion.jones@example.com
nyorath,cdRhHFuIAG!,Nia,Yorath,M,Miss,11/05/1970,05/10/2020,Employee,Bodedern,Anglesey,LL77 7GL,09641738563,nia.yorath@example.com
cwilliams,rcs3y1eH1j!,Carys,Williams,F,Ms,05/01/1994,08/10/2012,Manager,Llanfairpwllgwyngyll,Conwy,LL77 1MF,08182477168,carys.williams@example.com
redwards,Z5SW384qyo!,Rhian,Edwards,M,Mr,20/09/1986,27/07/2012,Manager,Pentraeth,Conwy,LL77 2EJ,09823213494,rhian.edwards@example.com
cceri,bXi1ek6B6P!,Carys,Ceri,M,Dr,20/01/1992,01/05/2019,Employee,Beaumaris,Conwy,LL77 4NC,07808607009,carys.ceri@example.com
uroberts,dBDZg2bw1S!,Urien,Roberts,F,Ms,09/01/1977,10/03/2013,Manager,Newborough,Anglesey,LL77 3AN,07033827849,urien.roberts@example.com
ibevan,sfQ4ClHqTq!,Iwan,Bevan,M,Dr,22/04/1990,18/11/2010,Employee,Llanddona,Conwy,LL77 8KQ,07479199907,iwan.bevan@example.com
lceri,xxOYn7ThUo!,Llion,Ceri,F,Dr,15/11/1991,04/06/2022,Manager,Bodedern,Gwynedd,LL77 8LX,08918706728,llion.ceri@example.com
nyorath,UIhZcodzD1!,Nia,Yorath,F,Ms,08/12/1984,21/07/2021,Employee,Newborough,Gwynedd,LL77 3FD,08326650458,nia.yorath@example.com
dceri,fNeJxYoN0j!,Dafydd,Ceri,M,Miss,10/12/1987,02/05/2020,Manager,Trearddur Bay,Conwy,LL77 2CC,08714054574,dafydd.ceri@example.com
jjones,0cOnjJiDc5!,Jade,Jones,F,Mr,13/02/1984,21/02/2018,Manager,Llanerchymedd,Gwynedd,LL77 1ZZ,07882080210,jade.jones@example.com
mhedd,wN3EfAqkBc!,Megan,Hedd,F,Miss,28/08/1977,25/05/2011,Manager,Newborough,Anglesey,LL77 7AT,09469702677,megan.hedd@example.com
hfychan,NFg8Nmahie!,Huw,Fychan,M,Mr,22/05/1994,14/05/2022,Manager,Llanbadrig,Gwynedd,LL77 6LY,09760039443,huw.fychan@example.com
uowen,bgCYRDkj5X!,Urien,Owen,M,Mrs,20/09/1989,23/10/2021,Manager,Trearddur Bay,Conwy,LL77 4XE,09227805820,urien.owen@example.com
aroberts,sQCBSVVe14!,Aled,Roberts,F,Mrs,07/07/1995,04/07/2017,Employee,Beaumaris,Conwy,LL77 4IK,09671689034,aled.roberts@example.com
kbevan,IBgyfcGgq4!,Katie,Bevan,F,Ms,22/12/1998,05/04/2016,Manager,Gaerwen,Gwynedd,LL77 2CH,07563673673,katie.bevan@example.com
swalters,6Sl3xq3bY0!,Sian,Walters,F,Mr,14/11/1992,06/08/2019,Manager,Trearddur Bay,Gwynedd,LL77 3CX,07634226340,sian.walters@example.com
mbevan,Ne4DN2uNXk!,Megan,Bevan,F,Mrs,24/03/1984,27/05/2012,Manager,Holyhead,Anglesey,LL77 6IZ,08087928610,megan.bevan@example.com
wlloyd,CkznpFfUVX!,Wyn,Lloyd,M,Mr,23/08/1991,08/12/2021,Employee,Rhosneigr,Gwynedd,LL77 7NR,09444795732,wyn.lloyd@example.com
sedwards,s2A7bj451b!,Sian,Edwards,M,Miss,09/12/1965,05/11/2020,Employee,Holyhead,Gwynedd,LL77 6XV,07398184690,sian.edwards@example.com
klloyd,Y1LbmJ1o8M!,Katie,Lloyd,M,Ms,04/11/1967,27/03/2020,Employee,Gaerwen,Gwynedd,LL77 5FH,07031236684,katie.lloyd@example.com
slloyd,sjWOTK18EN!,Sian,Lloyd,F,Mrs,11/02/1966,22/05/2020,Employee,Trearddur Bay,Conwy,LL77 2UB,07416977236,sian.lloyd@example.com
fglyn,y3noAiSkP6!,Ffion,Glyn,F,Mr,02/03/1979,16/09/2018,Manager,Llanddona,Conwy,LL77 6IF,07853914217,ffion.glyn@example.com
kowen,YBkXEU5mSv!,Katie,Owen,F,Mrs,17/02/1969,03/02/2019,Employee,Llanerchymedd,Gwynedd,LL77 9PR,07006935426,katie.owen@example.com
tceri,fgrgmWDxhR!,Tegan,Ceri,M,Mrs,13/08/1990,11/09/2014,Employee,Trearddur Bay,Anglesey,LL77 9DR,09923101127,tegan.ceri@example.com
uwalters,afgBPzAsja!,Urien,Walters,M,Miss,07/10/1986,08/10/2018,Manager,Llanbadrig,Gwynedd,LL77 3BM,08372638652,urien.walters@example.com
tbevan,u66l1g3sTt!,Tegan,Bevan,M,Dr,21/11/1994,26/05/2011,Employee,Llanfairpwllgwyngyll,Anglesey,LL77 1GK,07922965105,tegan.bevan@example.com
ndavies,x58M0k6ti0!,Nia,Davies,M,Mrs,05/09/1983,01/09/2011,Employee,Llanerchymedd,Gwynedd,LL77 2PL,07786916014,nia.davies@example.com
iglyn,tCT4rIpDg4!,Iwan,Glyn,F,Mrs,09/12/1969,16/06/2019,Employee,Amlwch,Conwy,LL77 1QN,07912291775,iwan.glyn@example.com
gjones,F5UPfGQJUv!,Gareth,Jones,M,Dr,24/05/1970,23/10/2011,Manager,Holyhead,Conwy,LL77 9RK,08830187640,gareth.jones@example.com
ddavies,2MMEeRj9ph!,Dafydd,Davies,F,Miss,21/06/1992,26/10/2021,Employee,Benllech,Conwy,LL77 8YP,07328094115,dafydd.davies@example.com
nlloyd,S8KnDhT8YD!,Nia,Lloyd,F,Dr,05/09/1992,05/09/2012,Employee,Llanddona,Conwy,LL77 8BA,07335738400,nia.lloyd@example.com
jwilliams,Sh3viGqkl3!,Jade,Williams,M,Miss,19/05/1970,06/10/2017,Employee,Gaerwen,Anglesey,LL77 5QK,08484374257,jade.williams@example.com
smorgan,J2X44qtOfD!,Sian,Morgan,M,Miss,26/05/1977,25/06/2022,Employee,Rhosneigr,Anglesey,LL77 3KP,08623543017,sian.morgan@example.com
nwilliams,qz0hvAoAmm!,Nia,Williams,M,Miss,27/09/1986,18/04/2022,Manager,Rhosneigr,Gwynedd,LL77 1XP,07494133620,nia.williams@example.com
mdavies,qvGhQ4tu7n!,Megan,Davies,F,Miss,26/08/1973,09/04/2019,Manager,Y Felinheli,Conwy,LL77 7OD,07585595417,megan.davies@example.com
mthomas,wM4uK990he!,Megan,Thomas,M,Ms,18/01/1970,12/09/2013,Employee,Rhosneigr,Conwy,LL77 7ZW,07632859576,megan.thomas@example.com
nhedd,mJAWbkreOd!,Nia,Hedd,M,Miss,11/10/1995,03/12/2014,Employee,Y Felinheli,Anglesey,LL77 1CR,07194558275,nia.hedd@example.com
tprice,7OzpmZGOp0!,Tegan,Price,F,Dr,09/12/1978,18/09/2014,Manager,Holyhead,Anglesey,LL77 5DS,08105926241,tegan.price@example.com
twilliams,T3clkcLJBd!,Tegan,Williams,F,Mr,05/08/1971,25/03/2021,Manager,Y Felinheli,Conwy,LL77 3IE,09125807046,tegan.williams@example.com
lfychan,WGItRMbqu6!,Llion,Fychan,M,Ms,09/02/1977,22/09/2015,Employee,Cemaes,Gwynedd,LL77 7UC,07112426888,llion.fychan@example.com
fhedd,rvEELas0ex!,Ffion,Hedd,F,Ms,02/10/1982,23/11/2019,Manager,Gaerwen,Gwynedd,LL77 7WR,09911569313,ffion.hedd@example.com
sjones,IIrI98UqnP!,Sian,Jones,F,Dr,18/03/1960,26/09/2016,Employee,Cemaes,Conwy,LL77 6UB,08708297733,sian.jones@example.com
wwalters,xpsZ8PKq4x!,Wyn,Walters,F,Mrs,01/09/1973,15/09/2015,Employee,Gaerwen,Gwynedd,LL77 8FN,07540435606,wyn.walters@example.com
iidris,XSSQllcGRF!,Iwan,Idris,M,Mrs,20/02/1989,17/05/2016,Manager,Pentraeth,Conwy,LL77 6FB,07098157342,iwan.idris@example.com
oglyn,g4ag2O0JrY!,Owain,Glyn,F,Mr,18/10/1965,22/05/2017,Manager,Trearddur Bay,Anglesey,LL77 1BX,09005807520,owain.glyn@example.com
gedwards,k3jC698BwY!,Gareth,Edwards,M,Ms,11/11/1994,28/10/2011,Manager,Pentraeth,Gwynedd,LL77 2GS,07589716486,gareth.edwards@example.com
rjones,xvTZOVgNg7!,Rhian,Jones,F,Dr,22/11/1973,28/12/2021,Employee,Benllech,Gwynedd,LL77 9YO,08887196273,rhian.jones@example.com
fwilliams,yTsTL91n8V!,Ffion,Williams,F,Miss,10/12/1992,16/04/2016,Manager,Llanfairpwllgwyngyll,Gwynedd,LL77 6XJ,07459590417,ffion.williams@example.com
hceri,nfXlc51VqO!,Huw,Ceri,F,Dr,18/01/1988,16/05/2019,Employee,Llanddona,Gwynedd,LL77 5ZP,09183727796,huw.ceri@example.com
snia,1IuwilqFbe!,Sian,Nia,F,Mr,18/09/1985,22/07/2016,Manager,Pentraeth,Gwynedd,LL77 3TZ,07967245346,sian.nia@example.com
uwilliams,sxUE3ksq89!,Urien,Williams,M,Dr,07/06/1965,23/10/2016,Manager,Trearddur Bay,Gwynedd,LL77 6QY,09879077392,urien.williams@example.com
wowen,Fv0bzGXnts!,Wyn,Owen,M,Miss,27/08/1964,21/05/2019,Employee,Beaumaris,Conwy,LL77 8UJ,08381053611,wyn.owen@example.com
wmorgan,eNOkD3INFt!,Wyn,Morgan,F,Miss,28/01/1971,09/07/2017,Employee,Trearddur Bay,Anglesey,LL77 7EV,07265773724,wyn.morgan@example.com
wjones,3r4SJX3Qul!,Wyn,Jones,M,Ms,27/02/1961,09/06/2016,Employee,Amlwch,Anglesey,LL77 8ZF,08057007490,wyn.jones@example.com
kowen,RNGz0AFi97!,Katie,Owen,F,Miss,03/09/1990,10/03/2020,Manager,Pentraeth,Anglesey,LL77 3EG,09007088658,katie.owen@example.com
bbevan,MK4nf7yQbq!,Bryn,Bevan,M,Miss,18/09/1976,22/10/2020,Employee,Moelfre,Anglesey,LL77 1YH,07802393052,bryn.bevan@example.com
rowen,OL5RaawH4J!,Rhian,Owen,F,Dr,03/07/1987,01/08/2017,Manager,Bodedern,Gwynedd,LL77 2ML,07502949748,rhian.owen@example.com
dowen,e8fnHvHEbU!,Dafydd,Owen,F,Mr,12/01/1993,16/01/2014,Employee,Moelfre,Gwynedd,LL77 3WT,09193446444,dafydd.owen@example.com
kyorath,Urwd5OTRP6!,Katie,Yorath,F,Ms,14/02/1982,17/11/2019,Manager,Llanddona,Anglesey,LL77 1DT,08940630289,katie.yorath@example.com
afychan,dDFSetN7wK!,Aled,Fychan,F,Mr,26/10/1987,17/11/2010,Manager,Llandegfan,Conwy,LL77 1OD,08648031922,aled.fychan@example.com
tglyn,o14pyvRARQ!,Tegan,Glyn,M,Ms,27/03/1969,07/02/2018,Employee,Llanddona,Anglesey,LL77 8MM,08271684688,tegan.glyn@example.com
cmorgan,ptVny1rmRt!,Carys,Morgan,F,Miss,20/12/1978,25/01/2010,Employee,Pentraeth,Anglesey,LL77 9OQ,08935098854,carys.morgan@example.com
syorath,9I8O3KEVrt!,Sian,Yorath,M,Dr,06/02/1968,12/12/2017,Employee,Newborough,Anglesey,LL77 7NU,07035266504,sian.yorath@example.com
bceri,mrdceVaanU!,Bryn,Ceri,M,Mr,28/02/1971,20/02/2017,Employee,Llanbadrig,Anglesey,LL77 6WW,08527761103,bryn.ceri@example.com
lglyn,l7Hr08vj0r!,Llion,Glyn,M,Ms,09/07/1996,14/02/2011,Employee,Llanfairpwllgwyngyll,Conwy,LL77 8WQ,09225377296,llion.glyn@example.com
abevan,O5O1YuRGkg!,Aled,Bevan,M,Dr,17/01/1984,17/12/2015,Manager,Valley,Anglesey,LL77 6TM,07319070593,aled.bevan@example.com
rnia,NfpIO5jy8H!,Rhian,Nia,F,Ms,02/07/1973,23/03/2010,Manager,Benllech,Anglesey,LL77 3OG,08539810620,rhian.nia@example.com
ibevan,nXvXHAes1l!,Iwan,Bevan,F,Miss,04/08/1981,21/12/2019,Employee,Llandegfan,Anglesey,LL77 4JR,07569267998,iwan.bevan@example.com
aroberts,XxqcssyOnW!,Aled,Roberts,F,Ms,06/12/1992,20/07/2022,Employee,Llandegfan,Anglesey,LL77 8SO,08549398992,aled.roberts@example.com
fyorath,3EOVLGShPd!,Ffion,Yorath,M,Mrs,24/08/1965,24/10/2020,Employee,Llanbadrig,Gwynedd,LL77 3AT,09827873032,ffion.yorath@example.com
nyorath,q8788ZdWBM!,Nia,Yorath,M,Miss,03/09/1969,25/12/2011,Employee,Amlwch,Anglesey,LL77 9GQ,09330498009,nia.yorath@example.com
aedwards,HLiZvBZKte!,Aled,Edwards,M,Ms,05/05/1970,02/09/2020,Employee,Llanddona,Anglesey,LL77 8SK,08002517489,aled.edwards@example.com
lwalters,pVhmoyYu0n!,Llion,Walters,F,Mrs,03/04/1967,05/10/2021,Employee,Menai Bridge,Anglesey,LL77 9VN,07170280801,llion.walters@example.com
iwilliams,kQuymZh5nM!,Iwan,Williams,F,Ms,20/06/1962,07/08/2014,Manager,Newborough,Gwynedd,LL77 1DI,07939773207,iwan.williams@example.com
nowen,U0wspqplFW!,Nia,Owen,F,Dr,17/11/1990,24/06/2020,Manager,Llanddona,Conwy,LL77 1TU,09313553671,nia.owen@example.com
tceri,l1X73Ontx1!,Tegan,Ceri,M,Mrs,23/08/1987,16/02/2016,Employee,Holyhead,Gwynedd,LL77 1GQ,07275480341,tegan.ceri@example.com
wyorath,6sAYge4Jm6!,Wyn,Yorath,F,Mrs,23/10/1994,21/04/2017,Manager,Beaumaris,Conwy,LL77 9FJ,08064077056,wyn.yorath@example.com
aidris,yE7uzxLZia!,Aled,Idris,F,Ms,20/06/1995,02/04/2010,Employee,Benllech,Gwynedd,LL77 6AI,08068378080,aled.idris@example.com
eprice,Ui2P4WFKMd!,Elin,Price,F,Mr,06/01/1992,02/04/2010,Employee,Llanddona,Gwynedd,LL77 2WV,08584468380,elin.price@example.com
efychan,wMW0zdsNT6!,Elin,Fychan,M,Mrs,16/06/1977,13/09/2020,Manager,Gaerwen,Conwy,LL77 3IV,07341237202,elin.fychan@example.com
lglyn,PcGGkyGQP5!,Llion,Glyn,F,Ms,05/03/1988,14/10/2018,Manager,Rhosneigr,Anglesey,LL77 4UD,09245679825,llion.glyn@example.com
jnia,V8eyleIGLx!,Jade,Nia,M,Dr,22/01/1960,21/04/2011,Manager,Trearddur Bay,Conwy,LL77 6NL,09171489168,jade.nia@example.com
jedwards,KlqCrOlP4o!,Jade,Edwards,F,Ms,14/07/1999,13/09/2014,Manager,Y Felinheli,Conwy,LL77 5DZ,08259844398,jade.edwards@example.com
ubevan,sRTTo71qRR!,Urien,Bevan,M,Mrs,08/06/1982,23/04/2020,Manager,Pentraeth,Anglesey,LL77 8ZR,08942802266,urien.bevan@example.com
fidris,S6iSBOVXc5!,Ffion,Idris,M,Ms,21/11/1996,09/12/2016,Employee,Llanbadrig,Gwynedd,LL77 7CZ,07047701067,ffion.idris@example.com
wnia,SYYFLUC3Xn!,Wyn,Nia,M,Ms,09/04/1985,14/06/2011,Manager,Beaumaris,Conwy,LL77 1ND,09029558436,wyn.nia@example.com
urees,7J885NKogX!,Urien,Rees,F,Dr,08/02/1987,04/04/2020,Manager,Gaerwen,Anglesey,LL77 5GK,09614952890,urien.rees@example.com
cedwards,E2B0mkFp9T!,Carys,Edwards,M,Ms,11/05/1982,25/09/2011,Employee,Beaumaris,Conwy,LL77 2QD,07440364800,carys.edwards@example.com
tidris,k3hH8bLTam!,Tegan,Idris,F,Dr,02/03/1993,20/01/2019,Employee,Llandegfan,Conwy,LL77 8YJ,08550187838,tegan.idris@example.com
wfychan,IjVCDxqEU1!,Wyn,Fychan,M,Mr,26/09/1993,07/11/2011,Manager,Pentraeth,Gwynedd,LL77 3ED,08854467085,wyn.fychan@example.com
oprice,AC3gaX6DxJ!,Owain,Price,M,Dr,19/09/1972,15/03/2014,Employee,Amlwch,Anglesey,LL77 7HC,09497532887,owain.price@example.com
fdavies,1qMSPEqNur!,Ffion,Davies,M,Mrs,24/10/1962,08/10/2016,Manager,Beaumaris,Conwy,LL77 1YB,08069458179,ffion.davies@example.com
iidris,HH8Rs5yug4!,Iwan,Idris,F,Mrs,15/09/1986,12/11/2011,Manager,Llanbadrig,Gwynedd,LL77 9YS,08482428970,iwan.idris@example.com
dlloyd,HhtsuLRjjj!,Dafydd,Lloyd,M,Mr,17/04/1984,23/06/2022,Manager,Beaumaris,Conwy,LL77 1EW,09715051890,dafydd.lloyd@example.com
gowen,EPPnhTT05f!,Gareth,Owen,F,Dr,08/07/1991,07/07/2020,Employee,Y Felinheli,Gwynedd,LL77 6XZ,07460921109,gareth.owen@example.com
kceri,pzqjtIrevh!,Katie,Ceri,F,Miss,10/04/1974,22/03/2019,Employee,Gaerwen,Anglesey,LL77 9OC,08921956942,katie.ceri@example.com
gmorgan,I7IjVUgbF6!,Gareth,Morgan,M,Mrs,01/10/1973,13/03/2010,Manager,Menai Bridge,Anglesey,LL77 7FA,09872834748,gareth.morgan@example.com
gprice,QSqvTgm4TL!,Gareth,Price,M,Mr,13/12/1987,03/10/2020,Employee,Rhosneigr,Gwynedd,LL77 2DV,07402840533,gareth.price@example.com
tglyn,aC5chqdv6M!,Tegan,Glyn,M,Ms,13/04/1983,15/12/2013,Manager,Llandegfan,Anglesey,LL77 3FI,09281940503,tegan.glyn@example.com
gowen,mu7ALCoqiZ!,Gareth,Owen,M,Mr,07/05/1976,16/01/2018,Manager,Benllech,Gwynedd,LL77 1RP,08980899135,gareth.owen@example.com
hglyn,z7Gq6neWrU!,Huw,Glyn,M,Mr,10/12/1992,24/01/2019,Manager,Gaerwen,Gwynedd,LL77 6HB,07213531961,huw.glyn@example.com
gceri,wlEb8OZjKU!,Gareth,Ceri,F,Mrs,21/01/1965,06/07/2013,Manager,Cemaes,Gwynedd,LL77 3OS,09137658196,gareth.ceri@example.com
sedwards,X7vmoF9Dws!,Sian,Edwards,M,Miss,23/08/1980,06/08/2013,Employee,Llanddona,Anglesey,LL77 5NK,09254712213,sian.edwards@example.com
froberts,3Op9aMNazD!,Ffion,Roberts,M,Ms,07/04/1992,27/09/2014,Manager,Cemaes,Anglesey,LL77 7LF,09066890025,ffion.roberts@example.com
uyorath,eEIN4Ec3ev!,Urien,Yorath,M,Mr,21/05/1963,11/05/2013,Employee,Llandegfan,Gwynedd,LL77 2HT,09888723184,urien.yorath@example.com
lwalters,Zyb8dsxNmO!,Llion,Walters,F,Mr,17/10/1969,21/07/2020,Employee,Cemaes,Anglesey,LL77 3TR,07526032086,llion.walters@example.com
didris,WtAx3UiGCA!,Dafydd,Idris,F,Dr,20/11/1987,12/02/2017,Manager,Y Felinheli,Conwy,LL77 8QZ,07519330261,dafydd.idris@example.com
jfychan,lNEVk9plUZ!,Jade,Fychan,M,Mrs,01/10/1972,18/12/2012,Manager,Llanbadrig,Conwy,LL77 4PH,08813815731,jade.fychan@example.com
lroberts,gWUQ0v8ZBP!,Llion,Roberts,F,Mr,09/02/1996,05/02/2018,Employee,Amlwch,Anglesey,LL77 5ZY,08101147947,llion.roberts@example.com
bbevan,39go2xGFKI!,Bryn,Bevan,F,Mrs,09/02/1965,17/12/2020,Employee,Rhosneigr,Conwy,LL77 1PN,08329220153,bryn.bevan@example.com
eglyn,RlIye9SNVE!,Elin,Glyn,M,Miss,20/07/1970,19/06/2021,Manager,Llanddona,Gwynedd,LL77 7AE,08401160345,elin.glyn@example.com
wroberts,7QmsySxcXq!,Wyn,Roberts,F,Miss,24/06/1997,16/04/2016,Manager,Benllech,Anglesey,LL77 6XV,09276846277,wyn.roberts@example.com
wwalters,aJqUBwXiy5!,Wyn,Walters,M,Mr,25/02/1974,23/07/2019,Employee,Moelfre,Conwy,LL77 2ZW,08148742920,wyn.walters@example.com
jmorgan,5mk5UpieSq!,Jade,Morgan,F,Ms,28/07/1974,09/07/2010,Manager,Amlwch,Gwynedd,LL77 5BL,08753432006,jade.morgan@example.com
dwilliams,7XQeKAA7dK!,Dafydd,Williams,M,Miss,25/03/1997,21/02/2014,Manager,Llanfairpwllgwyngyll,Gwynedd,LL77 2KZ,07974557949,dafydd.williams@example.com
krees,ysXIZG9l5w!,Katie,Rees,M,Miss,11/07/1967,25/06/2011,Employee,Holyhead,Conwy,LL77 4JK,08518330693,katie.rees@example.com
tlloyd,mBjt664v2E!,Tegan,Lloyd,M,Dr,04/05/1995,15/03/2013,Manager,Beaumaris,Gwynedd,LL77 7RV,08947458242,tegan.lloyd@example.com
gdavies,hkpVjsHUya!,Gareth,Davies,M,Dr,08/03/1996,13/05/2014,Employee,Amlwch,Gwynedd,LL77 1BH,09627726723,gareth.davies@example.com
fthomas,RyRseDVVfc!,Ffion,Thomas,M,Ms,21/10/1991,11/07/2010,Employee,Llanddona,Conwy,LL77 5NH,07009404298,ffion.thomas@example.com
uwalters,YYBfVPXWca!,Urien,Walters,M,Miss,27/10/1998,04/02/2019,Employee,Bodedern,Anglesey,LL77 4TA,08592552353,urien.walters@example.com
kroberts,R8r6RZ2dSL!,Katie,Roberts,M,Miss,27/11/1997,17/11/2016,Manager,Moelfre,Conwy,LL77 2VP,08021910122,katie.roberts@example.com
dfychan,6yAUV8u1I1!,Dafydd,Fychan,F,Dr,05/12/1972,18/06/2014,Manager,Llanbadrig,Gwynedd,LL77 8GN,07385011087,dafydd.fychan@example.com
nroberts,I2kZd5HJQ4!,Nia,Roberts,F,Mr,16/10/1983,20/09/2012,Employee,Gaerwen,Conwy,LL77 6VX,07712666838,nia.roberts@example.com
cedwards,WkDOmOdxUD!,Carys,Edwards,M,Mrs,05/05/1990,23/05/2016,Employee,Llanfairpwllgwyngyll,Conwy,LL77 8HN,07317659388,carys.edwards@example.com
wjones,beu1PG81Rw!,Wyn,Jones,F,Ms,26/05/1967,13/06/2016,Employee,Newborough,Gwynedd,LL77 7GO,07510085268,wyn.jones@example.com
bthomas,5dQ6s8kEsV!,Bryn,Thomas,M,Dr,21/06/1981,16/01/2017,Employee,Rhosneigr,Anglesey,LL77 6VE,09893196897,bryn.thomas@example.com
sfychan,mWfon98R2I!,Sian,Fychan,F,Miss,09/04/1966,21/08/2013,Manager,Beaumaris,Gwynedd,LL77 4ET,08410710600,sian.fychan@example.com
aglyn,VC5Op9aICj!,Aled,Glyn,F,Ms,04/06/1976,11/03/2011,Manager,Bodedern,Anglesey,LL77 3HE,07249270843,aled.glyn@example.com
jdavies,YkOtSKpDLf!,Jade,Davies,M,Mrs,02/05/1993,24/12/2011,Manager,Valley,Conwy,LL77 2LI,09451504943,jade.davies@example.com
cidris,vmBc0ZiQKq!,Carys,Idris,M,Miss,24/03/1982,21/03/2020,Employee,Valley,Gwynedd,LL77 5VN,07570982208,carys.idris@example.com
kdavies,Yp6Ka0xuJQ!,Katie,Davies,F,Dr,23/09/1985,07/10/2022,Employee,Bodedern,Conwy,LL77 9QE,08023919178,katie.davies@example.com
hhedd,2c2RKQWngk!,Huw,Hedd,M,Ms,18/09/1988,18/11/2013,Employee,Llanfairpwllgwyngyll,Gwynedd,LL77 1RH,09835799867,huw.hedd@example.com
bfychan,bQ29S1asxN!,Bryn,Fychan,M,Mr,15/07/1990,12/04/2022,Manager,Holyhead,Gwynedd,LL77 5PM,07991633549,bryn.fychan@example.com
gdavies,iHWlLvHi4M!,Gareth,Davies,F,Dr,26/03/1986,08/11/2012,Employee,Trearddur Bay,Conwy,LL77 5YY,08192475986,gareth.davies@example.com
cowen,pEzbi7xxTy!,Carys,Owen,F,Ms,09/05/1994,08/11/2020,Manager,Gaerwen,Conwy,LL77 4DZ,09747763599,carys.owen@example.com
eglyn,qri1SwjQ0m!,Elin,Glyn,F,Mrs,04/03/1971,12/02/2015,Employee,Benllech,Conwy,LL77 6YL,08491445981,elin.glyn@example.com
ulloyd,TrelyXCE66!,Urien,Lloyd,M,Ms,24/12/1989,13/08/2020,Employee,Newborough,Anglesey,LL77 7FO,08541291263,urien.lloyd@example.com
lthomas,I0GyFMLIX5!,Llion,Thomas,M,Miss,08/09/1965,19/11/2013,Employee,Amlwch,Gwynedd,LL77 1NT,07782649176,llion.thomas@example.com
myorath,uI5fMGj9Pw!,Megan,Yorath,F,Dr,10/06/1985,26/01/2011,Employee,Holyhead,Conwy,LL77 3NW,08337980598,megan.yorath@example.com
aidris,OuVqkCQ6DQ!,Aled,Idris,M,Ms,03/12/1974,07/02/2013,Employee,Newborough,Anglesey,LL77 9SD,08310464609,aled.idris@example.com
hdavies,CXqfYe32Ut!,Huw,Davies,M,Miss,20/02/1969,01/10/2016,Manager,Cemaes,Gwynedd,LL77 9FP,07803733438,huw.davies@example.com
djones,vzZfceYtJO!,Dafydd,Jones,M,Mr,21/06/1978,09/03/2019,Employee,Valley,Conwy,LL77 8RF,07557489539,dafydd.jones@example.com
aceri,NgSBNAQhNK!,Aled,Ceri,F,Dr,11/10/1966,14/09/2019,Manager,Y Felinheli,Gwynedd,LL77 1RD,08925480125,aled.ceri@example.com
ddavies,KAP2BExkoO!,Dafydd,Davies,F,Miss,07/09/1979,15/03/2014,Employee,Benllech,Gwynedd,LL77 4WQ,09258260130,dafydd.davies@example.com
ghedd,EuBUA39hAd!,Gareth,Hedd,F,Miss,24/08/1971,25/08/2021,Employee,Bodedern,Anglesey,LL77 3SP,09893781129,gareth.hedd@example.com
trees,r5opRiHmTR!,Tegan,Rees,M,Mr,11/04/1978,06/04/2022,Employee,Gaerwen,Anglesey,LL77 3XA,08215144235,tegan.rees@example.com
aglyn,m3hiHi2fPB!,Aled,Glyn,F,Mrs,06/10/1999,13/01/2014,Employee,Cemaes,Conwy,LL77 3JL,08051721906,aled.glyn@example.com
uthomas,559ntp8w8e!,Urien,Thomas,F,Dr,04/08/1983,11/05/2017,Employee,Gaerwen,Conwy,LL77 2KW,07566611366,urien.thomas@example.com
dedwards,xXaVhYZTNx!,Dafydd,Edwards,F,Mr,27/09/1979,06/09/2011,Manager,Llanerchymedd,Anglesey,LL77 6II,07145826782,dafydd.edwards@example.com
llloyd,eXn52anewc!,Llion,Lloyd,F,Ms,18/12/1995,23/01/2016,Manager,Beaumaris,Anglesey,LL77 2FO,07052605898,llion.lloyd@example.com
jroberts,CxJhMVCRdf!,Jade,Roberts,M,Mrs,12/05/1965,13/11/2012,Manager,Llanerchymedd,Anglesey,LL77 8XS,09909260870,jade.roberts@example.com
rfychan,VkrxoXPrju!,Rhian,Fychan,F,Mrs,24/08/1963,10/02/2010,Manager,Llanerchymedd,Conwy,LL77 1ZX,07803684375,rhian.fychan@example.com
dnia,HjVio5mqJH!,Dafydd,Nia,F,Ms,11/11/1972,03/07/2013,Manager,Bodedern,Gwynedd,LL77 4PT,09750052046,dafydd.nia@example.com
eowen,12h5qCxj5w!,Elin,Owen,M,Dr,13/08/1968,19/06/2014,Manager,Y Felinheli,Anglesey,LL77 5SU,07133676680,elin.owen@example.com
mrees,AwJgvLlQPi!,Megan,Rees,M,Miss,09/02/1992,13/04/2019,Employee,Llandegfan,Anglesey,LL77 3RI,07702663950,megan.rees@example.com
rhedd,KtYK2O9Vqe!,Rhian,Hedd,M,Dr,03/12/1991,18/12/2021,Employee,Beaumaris,Conwy,LL77 7DZ,07039579365,rhian.hedd@example.com
wfychan,k1OimBJyyo!,Wyn,Fychan,M,Ms,21/03/1983,25/07/2019,Employee,Pentraeth,Anglesey,LL77 6KK,07645716065,wyn.fychan@example.com
fwalters,Rz532DP2gf!,Ffion,Walters,F,Mrs,26/11/1961,02/02/2018,Manager,Valley,Conwy,LL77 5AV,09963695283,ffion.walters@example.com
