LessonTitle,lessonObjective,materials,procedure
Music Theory for Beginners,Improving vocal range and control for better singing performance,"Guitar, pick, music stand","Start by practicing basic rhythms and stick control on a practice pad, then progress to more complex patterns on the drum kit. Focus on technique and timing."
Guitar Chords and Techniques,Improving vocal range and control for better singing performance,"Guitar, pick, music stand","Start by practicing basic rhythms and stick control on a practice pad, then progress to more complex patterns on the drum kit. Focus on technique and timing."
Singing Techniques and Performance,Learning basic chords and strumming patterns on the guitar,"Textbook, music notation software, staff paper","Start by practicing basic rhythms and stick control on a practice pad, then progress to more complex patterns on the drum kit. Focus on technique and timing."
Music Theory for Beginners,Learning basic chords and strumming patterns on the guitar,"Instrument of choice, songwriting software","Review the basics of music notation and theory, including staff notation, key signatures, and time signatures. Practice identifying notes and chords, and analyze simple pieces."
Advanced Drums and Percussion,Improving vocal range and control for better singing performance,"Microphone, backing tracks, vocal exercises","Start by practicing basic rhythms and stick control on a practice pad, then progress to more complex patterns on the drum kit. Focus on technique and timing."
Advanced Drums and Percussion,Improving vocal range and control for better singing performance,"Guitar, pick, music stand","Begin by reviewing basic finger and hand position on the keyboard, then practice playing simple melodies and scales. Move on to more complex pieces as proficiency increases."
Introduction to Piano Playing,Mastering complex drum patterns and rhythms,"Microphone, backing tracks, vocal exercises","Start by practicing basic rhythms and stick control on a practice pad, then progress to more complex patterns on the drum kit. Focus on technique and timing."
Advanced Drums and Percussion,Understanding music notation and basic theory concepts,"Drum kit, drumsticks, practice pad","Start by practicing basic rhythms and stick control on a practice pad, then progress to more complex patterns on the drum kit. Focus on technique and timing."
Singing Techniques and Performance,Mastering complex drum patterns and rhythms,"Piano keyboard, sheet music, metronome","Begin by warming up the voice with breathing exercises and vocal warm-ups. Then practice singing simple songs, focusing on tone, pitch, and expression. Move on to more complex pieces as proficiency increases."
Music Theory for Beginners,Exploring different songwriting techniques and approaches,"Microphone, backing tracks, vocal exercises","Begin by reviewing basic finger and hand position on the keyboard, then practice playing simple melodies and scales. Move on to more complex pieces as proficiency increases."
Songwriting and Composition,Understanding music notation and basic theory concepts,"Drum kit, drumsticks, practice pad","Start by practicing basic rhythms and stick control on a practice pad, then progress to more complex patterns on the drum kit. Focus on technique and timing."
Singing Techniques and Performance,Exploring different songwriting techniques and approaches,"Piano keyboard, sheet music, metronome","Explore different approaches to songwriting, such as melody-first, lyrics-first, and chord progressions. Experiment with different instruments and styles."
Introduction to Piano Playing,Exploring different songwriting techniques and approaches,"Guitar, pick, music stand","Begin by reviewing basic finger and hand position on the keyboard, then practice playing simple melodies and scales. Move on to more complex pieces as proficiency increases."
Songwriting and Composition,Exploring different songwriting techniques and approaches,"Drum kit, drumsticks, practice pad","Review the basics of music notation and theory, including staff notation, key signatures, and time signatures. Practice identifying notes and chords, and analyze simple pieces."
Guitar Chords and Techniques,Mastering complex drum patterns and rhythms,"Drum kit, drumsticks, practice pad","Begin by reviewing basic finger and hand position on the keyboard, then practice playing simple melodies and scales. Move on to more complex pieces as proficiency increases."
Singing Techniques and Performance,Exploring different songwriting techniques and approaches,"Textbook, music notation software, staff paper","Begin by reviewing basic finger and hand position on the keyboard, then practice playing simple melodies and scales. Move on to more complex pieces as proficiency increases."
Songwriting and Composition,Learning basic chords and strumming patterns on the guitar,"Guitar, pick, music stand","Start by learning basic chords and strumming patterns, then progress to more advanced techniques such as fingerpicking and alternate tunings."
Singing Techniques and Performance,Mastering complex drum patterns and rhythms,"Drum kit, drumsticks, practice pad","Begin by warming up the voice with breathing exercises and vocal warm-ups. Then practice singing simple songs, focusing on tone, pitch, and expression. Move on to more complex pieces as proficiency increases."
Advanced Drums and Percussion,Learning basic chords and strumming patterns on the guitar,"Piano keyboard, sheet music, metronome","Begin by reviewing basic finger and hand position on the keyboard, then practice playing simple melodies and scales. Move on to more complex pieces as proficiency increases."
Advanced Drums and Percussion,Learning basic chords and strumming patterns on the guitar,"Guitar, pick, music stand","Review the basics of music notation and theory, including staff notation, key signatures, and time signatures. Practice identifying notes and chords, and analyze simple pieces."
