LessonPlansID,StudentID,TeacherID,attended,student_behaviour,notes,date
10,13,3,1,2,geMfTmSoy0jJxNJh5Mm3PjcN353I4hkWOGmZhk2Pi0khIcJf6O77PUdlWpGu,13/11/2022
17,7,3,0,2,CYqI1wi39JeNUV90IP 3fKADo76RA0CHbP3r HO2BCf3xGDXqCihc5qTz5bC,08/04/2018
9,118,19,0,0,6a7unAOyDfTpl9EKmQqCU01n0OZHoxwBpzDpmk0yCvfE448ue9T0e6lR4cnQ,13/11/2016
16,5,5,0,3,ddUPAjVUK2quDxTmC ln1F3SF3wz3rqU78R4OEQIAP2QBF7afJUhzEkIC2gj,05/10/2010
8,107,15,1,2,jCtAGKLzLF33xpCkYLFRcW3j0y5iSxAtrEuYJuN0D0uZrMIjJwUivR7r9tz3,16/02/2012
6,43,2,1,3,b gYG6xqwhzVpolgYAoUKCxj3ijk0fODPtw5lPYwVbxzWG6wGtSNkp 8B i7,09/08/2022
10,93,19,0,0,1g544Z4eVnCcdGmCVA8ux3jEKqT2OQLJBwep48AiJ0jo6onMpFG6Yq0BAOBk,23/10/2019
5,94,17,1,0,hsRfyvQLdneZhkqowp0rfVeTE1gc444DJyb6VU1WKAlIx8aJf0RuRCbvFley,02/03/2022
8,109,19,0,4,14WwY8fDON4ZgRvZv6cMWWCLlIqDWQHB2mv ItKKke7taDEZpXN66oTUmPZC,14/09/2017
5,74,4,1,4, 2j 6RSt0eXRtR6iqbYykRo7p4253jFxo0cH7SaaLMy qYVl30YZhjZuh2Sl,09/02/2019
19,120,6,1,2,PbTrR yucz0d6pbNMN9LvDZ90cO6NgU9WfV8LzW5Br2ah3QMv47HIdNUAYGN,18/03/2017
10,20,16,0,4,P8ZZ4gsgOeCEUgCQC2xPlQkh8mvgfkFX rK2Xgrfi8O5JLJGDcEKrbt7uElJ,12/03/2016
3,65,9,0,0,5i4tcAvVsnPIk5oI1RE8HbRziWwR5KpEbhztKfHNjYBmTMVHwee1CigxuuBU,19/10/2011
9,81,7,1,4,PnQGCp 7W2cWi9ycTbDaMfhPuGLF12wi1J8TQ1b S17CgiMBWVULURA01ytr,08/12/2021
1,48,10,1,4,kdFB9nNfdhZjQ57QTVVjcv3Omd4mZYtdJj3eek9ZKA79BqKCOISdrQythL4C,04/05/2014
7,85,2,1,1,HrTlHguT4AKkjWRE0S87gHWjAN9145y68OPU9cajt13Eu3H9AHkQ SOIlc D,16/03/2011
8,55,9,0,0,GPAbXQ65KNGpfCFj2X2SiNXJdPPOyhYb5XEwdOyIcISfNQc7FUwf999JBljb,17/05/2013
9,108,5,1,3,h11zdNcUiSftxqkcNYNojQQzlGoUjZUsLXJsVUwz2KGOhVhvRB9QEQo2gGSv,16/07/2012
4,75,10,1,0,R v83ed4R aNNdIAl Bt1ipduQnHdxpUHEeYnJcNzegruIBQdzVwqVczNiM6,15/08/2019
2,31,5,1,2,eLrKoZfUZ1z5BCmEO9Zdf0ZXCA9o2QKhao0pC1OwaVgSJdoLMPfLi 9OaUMF,22/11/2019
12,57,1,0,3,ZjkcYGhg0Oo CnbUp3xeZ98XFNmSitDW01Vr4akPJChKQYEjfEd5czq98nU6,24/08/2019
2,115,4,0,2,CfPqVjcqaA6DSnxL29Ygk4iuDSMUXPwObyMxPR UsnzI0UdG9w0b4mu91YIf,16/09/2016
8,2,17,1,4,JsoyVNwyCONq3PuQEctzpT8NJoHpBQoZuy2VARhrnuvW7YLAa9eG YEEsUkn,20/08/2011
8,39,17,0,4,RI2kD5RfssNgLACDYxVQtldpLuyq4IprX6O3L4i9ASjmSfA4DjTvPWd9i8zN,03/01/2018
14,78,9,0,3,mZs21h1wETWLSU37f0mFVcRL64tHn6IRESfESj8N984hHGKE4IBfgFgm0sTc,20/09/2021
1,48,9,0,3,6NXyo5SBuMPQaBay35Jy9eX vmEJHWiJnu4eLTceabXQhDwcTtlH1O8p1u0z,12/07/2018
6,33,18,1,2,x4DBCDv35EDqgGzvMYPBhfBv2GBoNf66Q1kYcbiUag4Zvi0N4OriPqS1BDLo,10/08/2021
15,7,8,0,0,0pD1CAJpVoooJfEXkzRrmhvjkIzrt8ZSBW8qdL10Hnj7ZdoAnKojev1teFIZ,08/03/2013
6,70,4,1,4,z9qNwFVjenPGVCeXwsbTdWqFiMEi9IEkZmjAQRMseM1HexxEJnCUCB026oJ1,15/10/2016
15,35,18,0,0,o1S4N3XZoO3FJc5O9MDmjiNPI4oxV0otS2wqxH3cwOyGmCnpiQdosBiTBZVW,27/07/2017
1,45,4,0,0,CSl7RBDjc8PzfwWpZqA4aKSqIJDJYQvN0iUH37qz7djBQHxzkMv5 JcRqvzy,10/04/2020
14,49,9,1,4,TreNKIgdVFDF1UNjFTVBhk7ncYgwyp7FSf1tugOnRaxClsdPNqzIB6ohY85H,09/01/2018
10,105,5,0,2,pKd2OSLRs4dLP54rxHLEigq4WI5k6pusp0tXBf9YrbhdAhOEQiJXC9IsU Qo,14/01/2016
3,100,1,1,4,yo6jYD00Q56 rPTlWl4aUPcyp5RweVyQBmz9hK0nC3Gx3RW8m1kfz LbTbE ,11/09/2021
11,58,6,1,0,Cks6T9idN7cGupY0lMNbNvF9AcDQQydm2YsIaAG9tcudte0mfqPYn2cp2zpN,05/03/2020
9,75,18,1,4,2wEhwiuSHtCVd4v0DcHcRa22ZDXZEf9vqTB0Mj6vtx5gpLXUv93mbf 3QyV8,24/05/2012
9,116,16,1,4,Y63lQ0OhMbpjPgQ6Myf5pXeb83jZaDguVVYgS2 3ObIV77VLociKhDVhLDW2,02/12/2022
9,107,10,1,3,Js5lv5pzrAOdw0akXesMcGct2iCZloWobkXZQAAqdgHG6rM7FNTUcNEBI0GT,22/05/2010
14,117,7,0,1,OKmGQyRuV5zCU6VUrybSXkqcnCmWYoVPO0VvRmVn90Q vEBpe8zlvRNZKW8x,16/12/2020
12,40,5,0,3,NMqSNBDHLGcb5Gvx xiHjd97EZEv3DNHogDFnOC3qVFyUkvZfgFkrXtqaH0F,09/04/2015
15,7,18,0,2,ZcID riWgQYAcWnFh1KWwgmAJCybMx6bmEbHnFRw0HA7xR54GV8VOkRhwIRH,16/02/2022
17,4,7,0,2,CjZ97BV9nZWFWfgRxVOyUH0IOPVCEOiFOZSVnUlWoeuDMkBFXhaeO  OXp65,01/06/2011
19,7,4,1,0,whOf TAd5UiELl uNVstbdzS0GUv0645bLD1b8WQuE7AOtC8Mjrql0nQeu54,02/03/2019
6,55,11,1,2,0wENUQuOEcs8G33SdnfKH0pazrI3NqtVEGXuw086FJfE6QlwKd6COXdmBHyN,15/10/2013
6,9,11,1,0,pMJRhG2EC0MgJKHQPtJuw0 wH4FYhqC5qnSJT62 F0uRAf5phfe dfPaAEEy,19/03/2019
14,120,7,0,3,MmxRQ7Lu6BHuBvAuVFmMv6Layo yIn1a4SDL3OAQUYkrx9ZPfdwz3FG9Stoy,10/10/2013
9,53,19,1,2,354VqNZe2eJlKCQT1CZabHVNWKrwO upTUwPp2ieY3dvPsrc30XW0wjb8ywt,21/03/2020
8,10,4,0,4,xRmcT2bJ3g2qaOM7kj6Y37XXBUuQDurgI7itb2ClJ7vL55PvMCnjVKn7X7s4,22/07/2012
4,38,4,0,3,052YrUkoiD6RoBMc R8j0BbXwsToLS3tN WmHHKHlKZAwmaFtfoT2TbkUsTW,06/12/2018
14,60,3,0,1,y9A8bPxOUH05A4VEDogOjLfIlSaO5oecpB oI0QPe2NfJT6cYApf qsOnQEB,13/10/2022
16,38,14,1,2,Xj13hh jsE8LTgr2XKaGvht1ajH7Mf9D8tXuUyb26aGAMDQqMO50HnaLbx8U,02/01/2013
4,102,8,0,1,Pz28knfbikYQLF0n4CyObIGRP7v5ZQb3UhEvYIryl8irHZMR85ZCDaGuov4E,26/06/2017
16,97,20,1,2,sQfyaEQ21GaCmsSCmsBC22vRqroVncP2BXyijbBBOTNLPnj6jxDXC2wPH7P7,20/08/2011
11,78,1,1,3,79kb6dDQQ9P8kdwtSBj20d64V3mOGBT9vwtxpqRpz1eyJalJ3iKR xszwHAm,01/09/2016
11,40,12,1,0,PDYzHNPZRHoUhzWjEHYAI63huecOGhfKMABn UyGop3UFBQ hI8RTd IXIsr,16/10/2018
12,80,6,1,4,vAB03QSJBIgaArY4sWg5Z3NK1GLl9S3MfBl5L6wFhxwmN5C36cF64DpD7S5t,06/12/2010
9,28,13,1,2,4HWJRtGWbYq2RWgCrFd9Pa2Yh5mhEFXbZkWYinqn2GeUdLGfcqtl7Gh4A1Zz,28/10/2014
8,94,7,1,3,hiMkBl9NqISfWmFVvtvBsp3d5P2a5TLThkUNg4IR6qUYBO agQ4DziPbdiCV,14/12/2015
10,20,2,0,4,ij0STEAiGRZWZrI2PgJhyurUIXgxUjqWjGqurfc7VmtytCmO76aMERKXsknc,17/08/2013
1,5,13,0,0,KcJRtx JMdwkzVqlYOSaLza04V4AZ JbFwxyvVVBtg9I qF7wYwiyo bZkGH,13/11/2020
7,95,15,1,2,wTKXeMajXjQKkv8pEdAeA5HAIYzeJGvcz9w0BT89VvrhCUZaJSdAlyi5f0Km,20/07/2013
19,110,19,0,0,DecMuL1bJWbzIFstTWyd2gONvBCHJO ZfTL1VrYfHGArrWlCHOgm6H8nED7d,06/10/2017
6,113,14,1,4,9Q2nGwx7vMPqL6Y5eANtAZIFQj4VFfBrdPHEDyC5VN8UDMNZ0Isq4B1NreBh,19/06/2016
6,18,1,1,4,5FEAdO4NdGGz6t kEvD3Bmn1xJtdQnqp3fvLuacdbjg4Ny9YdZYRu57gahRL,04/11/2020
2,4,8,1,0,yJZckY6yi6AytIkhMMQjdw6WZyMbAGXNXiNo4EVVy84WeZo DZb800umo3mT,22/02/2013
19,20,9,0,2,aOg8wpn6FoGdLg4KOzM6aABa1i2CNZjp9ZXKMn6ggB82aJ5LMyBJUO982d1E,04/09/2013
12,16,8,0,4,WmbL5T623wN6Rf9cbEGzmXCHCucQLVHbTrZ3DwQpBdR KmULbqX5oHtVvOYt,03/08/2014
16,102,15,0,1,pDy6xyEQiUn4wzrFEKTzsHRgX1bQNRTxESzxnP4XvrRblq CaCGmWg1eZcyN,09/07/2022
13,54,4,0,4,ejs1DzNWGOz7bW 75mEE9l3lkEVfNo7TefTolGMzz3p34nkJS5oEtCpI6mOI,04/06/2010
18,46,19,0,2,PlEJpkMbzWMO aaKwkZLHTMkPKpwUoYc5uUmwMvOoTkfXd38aGbX1fH4pn9V,20/03/2022
11,64,20,0,0,2igJ5dGB3JlVSzUi4CnVYIWfWc3sjXppjACWjiUoClkyaVU10mkrO6UYhnYT,16/09/2020
11,120,11,1,2,ICGODM2NiGJMK1X5kkFpnZtlqdH O04oYl OYwI4mvgWDsia6vO9JuBKutoW,04/03/2012
10,114,1,1,4,vXTgGoCx4lCtG35IvDzrqupArxrQdUnZnrZGz8yQ PncLqYicPUKHtXv3gg8,23/02/2016
17,110,5,1,3,th0yQE0UVkoX65K0x9bNiVX2ZrJwlUlbNKi7g0aLLBOzwEhRiBE6tv9I  yA,14/11/2017
11,13,17,0,2,2XLo8KQKqqalLd APuKgsyJ6VG0oybeKf4iDttkCUt0uid1X4nHFz CKcaeJ,13/05/2019
7,36,11,1,1,dJgXaLRBzVYZo5AA2HITEhwIcZBSQQqCCoxaUq0NzbERASXfuu7LxFXypzgD,24/05/2011
12,100,12,0,3,fVpQYY0UvTRHyKr3BTfAsu3Ww1eKFPwl85rTfz20 etr8eet G41S5vLCOGC,06/03/2017
9,60,2,1,0,MFvYr96QicYPyOjvscfM6K30cLRlgoQ75UOqa7LYo 5qO5puEbB bJfHeYp2,10/07/2012
16,107,6,0,2,OHRiUkRRoLfOSfW4iw54xOH1Lbgh9rtZcEuuqvrmqvciRoAYuTvbo2bO5ByK,07/04/2015
20,86,14,1,3,Ev5DNHBY4lvfU4VW2x7x4UNY367cKbDugaGEpXdPr30XhsetmXz5kZrbAong,04/12/2022
18,17,13,1,3,HhoYP06rfI48Y2KlD5ek2lKEErdyaSFdV8bZcWnjgM aR9Ek NrmDptatutt,20/01/2016
16,66,3,1,2,qaq ZQ1r UIKghEsvUdmkYvElN6FmBBrMyVjrO72nokyXlIYWSgI0TEu9p8E,16/10/2019
10,86,9,0,3,94RQUmxnDWhlgz7vGM4hsjObRrIoqN8nt5m Q1irD6YrZ2YrXPQKsTiWFOzp,01/06/2010
7,53,5,0,0,81iUknJVHP5NmDDnCn0nfuvzqtb38W5eNgRMFNs9cHJwTsRJS6uBt2wA3iBn,23/06/2022
20,15,14,0,4,2135GpMVWg2Dr74akfT 7qrFAOAMEDUhwIrJn1PNShJmuoaCLMOOlE58Yee9,24/04/2010
5,99,19,0,2,BHGRHVzQH4Tn6jw1czhlZ1ZestlEZO2wSgpxGftVz8XgGpH2JOaNG2wcI0yt,26/01/2014
17,56,20,0,2,opOUH68SKYc2dD4ikykYdXf8IlPuB20sLngQeNVv2NAS528lXsltjiwBSncY,19/08/2020
8,38,8,0,4,mRbz4roqGSe5cPeRDI5WcqUmRFSOixSWeIGdqloo0zdtYs0w6imUayq1MKpw,17/03/2018
1,57,1,1,0,ldjBy9OsV8kupNErpQ0TzaUy701reSQUaJpNqaDod5BdUXKAExspAyOwk9Fq,14/02/2010
3,102,1,1,1,ufNDL1fw93Axmqz6pWV pkz bZyn8PUImBcPjtBb8uNLhYJlOY4woEG0sI6q,14/04/2017
3,23,2,0,1,Y1L2nNNm10xh90dSacqtT2cbZk5mBSdKGFXb0VDvtFueIfCC K3rxMr Ur9R,14/04/2015
13,21,17,1,3,xJXmZqS1YELWkmDtkTL6MBOOcshB8zlTRMJgKCOIyCzAit3OOcQw1j tWLZ5,24/06/2010
16,40,1,0,3,jMBKgmAi4WnKyF8bE9p2oBB8zwAtTHP1gvigarsZACjgZGAob5Vwffi l94I,27/09/2018
12,30,3,1,4, YubYhzLyXzQuGARYXNONjx9mlWEqtKen6VzfASSo9DBi2zuUPnYWVKFPB0m,01/08/2020
13,40,13,1,4,82BP9vhdScTJ3YSIDXScwDr8YeSdse0LIGF2M58q7xk3 ctKK8u2RB9pDj9I,04/02/2022
8,11,2,0,3,82GM618CcC G6cINdAfc5vadXWVNTOSSAhZBNw3YTSMXYFCoiTqk tSXQbFU,01/05/2019
19,18,20,1,2,QeXDGnze iM5i1PkK G6anx1Idd2a7W3WrixSIf2krx zEe IIu18EJZ3kAE,14/10/2010
11,43,8,1,0,NsrIqH mB6PCgoaqPtvSwlVN4kmsddLRbZo5liUjcZ1al0QTfJlQpbG56B8R,23/05/2022
12,77,20,0,1,CXW9yTlgZ50giGCE42EOjP0dCOpPwy4564ildmVARudn1CLaaI8PeT6MaYY ,10/07/2022
12,50,2,0,4,cgAqvbyxHK N2NshsyK wNqM5x 6q8ERMKlgBVFVIOllN2SehNLOy21z4gwm,15/05/2020
7,113,10,0,3,kAHp05zEKQ7oA99cu5KYSHERTR2qeAmSGHp6CxIEt9Hu06JczsQEhAaurxO7,01/04/2018
19,91,7,0,0,PjhQPOzc FqX6AxAGPFgFJPBwcNUxG5WhuRzUJeT1PPbcm9odmWbjy2 ws4f,15/07/2016
9,21,11,0,0,HZK9FsJ6fNZDpqDwMAOOBwSdFtIB4TSl GCgpZSZGlR5XzxXiwnzRFcOuoUi,18/02/2018
16,2,6,1,4,UB4zD3oUDvkb4GAXAxRpf7MQrAugERGspxgusF6pPcjLmUltwiaq5cLsEKbC,13/11/2022
8,27,2,0,3,5YynHJurGz7wNT0Ym7IlJrfXU2N0A MWguEzlib0r0axfAFU1 fkE1IqRDnr,27/08/2010
18,107,8,0,1,7lhASDodoNmfzEQKiQo3fSfiMRHLyjcau8tOndeVAkZt9MxjScFrxr0KXpjl,07/12/2015
9,43,4,1,0,3x6ifG osaBzoudxqqQ3GOyEr9yRr3u6SEU0XV6TuA91CYu0ZkpZx KTu QP,06/12/2010
19,6,9,1,3,o3pKIq8N3ATBaihcoskQUZXhxOUE1DRvaOunRffZYqCr80IHHmXaCVIqiFat,28/07/2021
7,109,8,0,3,8SUONTihW1f2x1 EfQaeRdzajzcG6AgvrgPqxl1kaAR5T17N6WWZRwoh2RxX,20/10/2013
13,84,19,0,2,2QhMjcbNKkBleRUKKblZzGjOcPNAZeBAo8yghbhE jkepdcNuHiDtZYH9H9a,08/11/2010
2,67,16,1,4,W7qLZ7CY81NLjSbBF hWnyX1FJc5cohA qSIujumJVBD5WBiH5BAtEVsl7aw,18/12/2012
7,89,13,1,2,yIQaoQXpPBv I5L03FTMi70gnTCdlNaLDCaWy4xZ5yEOhTRRuyGv H sXAmC,14/09/2014
7,52,2,0,2,275 LreQfflC4xyHj9QmyDeoU78qbf5uULL nPPOK4N 0FqbpwHw9vud8281,26/09/2016
10,37,18,0,0,u501vs88zh9PqEArVVWKoJP9 FDZsjFdhTZRmfGMRN4pldRmVNhGpgetwZrj,17/07/2020
17,98,3,0,0,xdkqeZD Z6hVURPpjMySo2kVc7Oj4hgSZXnkmGmOmjY74VcM993v qdk6Pkw,23/01/2016
20,109,15,0,0,PIbQujeennpTVdJ84wMtVymciKd DYEeC8ijJR1kKiTy8UsyBm3C6i9vGbpc,27/10/2011
6,60,7,0,2,N4A2tS 2DycyilkUdF7nJ8nG PPTJv7Vzu5SVqfLOdM7gFHF3qpXeJwNwYXj,21/09/2018
6,109,11,1,4,cS2MTvVA02CUtSUfZHoAkdquoPMWUIOOAT9USDJoRD9GxHdo8QqwtzXlqsR7,19/05/2022
13,81,2,0,1,WTrOijABnhZyJktj2thqctYMaTW7Vv5zL2aCPKUFbWNkPxe0ewWR9HAJsLfW,21/07/2018
19,46,1,0,1,OAwvPP6mV31lucyZNQmxw3cedKx14iNsx4Mq VGpWBj4XAmFaRxUL cl2nla,14/09/2013
17,36,2,0,1,uORSv5mJMUqo4yeNVmcN8lGPoMyamGxorCBrrNihCIKi5K2jGsBAAIaGtUGt,04/05/2010
3,113,7,0,4,8pC1GZrikARSmo0ZP2O5XCLJg zMffzGso07M73Aq6FpyuCay0Vl8VeUuICP,13/12/2020
12,55,3,0,0,KoCjHY3PkZV 7GwO6n8d1xQSk7ouHtsyoWxwIHQv58eA2ffPkBX6QSLwCUfL,10/07/2018
11,19,4,1,1,7xmvoaNxkwxuuAlwzLuUWimnmPsLSdPIj1gNELZaI5cYrfdNrVjcYo0LN Ar,19/04/2012
4,62,3,0,3,uO7z6qngsm57lNpuSU6ApqdQKeahDc1fb6XbddxwcUsw pIKTLhwDbuIQGJA,12/03/2016
8,97,17,0,2,DeAB58g2OCAW9AoTLah zC bCfvzlE6P0PgnLx7o0Hz8xpngzHLEqjCcpeJe,08/10/2020
10,104,9,0,0,z0pmw5ywikQrOp8EgYTzEQgCiDKuVncHqvtY Ebi4 XO1Lkg6ZpWjrbWeAWt,06/08/2022
15,47,1,0,1,gcpbuVTwGTg35FV2QBowLPsNQs tQInJqUJec6988 NKjehTJDf 81IqjqkS,02/06/2014
16,2,1,0,1,7DzvpWsHaH  80BN4af5YCyp6oZcDn7nltFfnD4MlEDWJD7ir9 6 TXwU6Gz,16/05/2012
13,33,1,1,1,eKGOU5r61rCbAab6HFOLzSbhzCkYx1HG3nnhQvmos9XZyOHNziSHBRghWhB4,22/09/2022
3,120,20,1,0,hvRcYr0ytx8q4LJ6XBfTMiTaKBD86jTSjwe0sqvBqPwc1xCY3nJSaiqmG0BR,09/05/2021
14,76,13,1,2,Jwf5itSuZ43RrVEwfW1xnYN LP0Q21E3lKkTC6LRC7Zh9RSnRaw9xRnMgIb0,16/05/2018
2,118,17,1,1,DpkkYTAU PVimblaoqPzQF5fngHMcfeVneVHwrPNIB6DnRwTzw0aj2D1m7zy,04/07/2015
7,17,11,1,1,MiN4amYpxBGMCcWAb1jgXlsxa6ng2Udvro57yC45qGL5t8j7Kpfdv9ngyQ5r,01/12/2015
3,1,13,0,3,hxHFlzaugznujaWGconDu0klp2rEDeeiEjtqKLTHrXbx7lTfauXjmLLJl5k6,03/07/2014
7,86,13,0,0,0cYkRQW0VoyNp1l46M1exXLxxvNl6ZIDa9JyNM8CUidGZF90K5rSJEQpBkXs,26/07/2017
17,68,13,0,1,m3AmxiocDs4l4IazAhv5K75jQ4XoSiiL3pw2QBUap0WRb0hYymc0w72F2k45,26/10/2011
19,53,19,0,0,kvz3bVZRHMD IFiUO4N4xCFlUg1siDftxkbPOhLCQ9qQNaoGNm9KCHMjxOni,15/12/2022
10,36,3,0,2,DdPVYpudjLoZHi9MuDIMo44r6OlHdAY3LQQaF3Y4S0w1gfgoQubk86ZHiqIf,05/03/2011
5,19,14,1,4,NIe41wnKe53kFKPmB7JjRlcGN5lioLe2eklJnWJPfx9HIiSqAztdIL fF5m0,18/06/2018
6,12,18,1,4,25Gno3f4ApVaAd3mEH342R5epUS9b2LVJgXxlN9xU6WaaUhqg3i5tBkfexy7,06/03/2014
1,90,9,0,1,yzwx3twaQUdUm6LlgOuEHuZ9yzIr8gd2FFo847SOPRBRmCG1XwPuyut62tBy,04/02/2020
20,25,14,1,1,m3nhBjSb0vxmesETAh209qpFC3jeySt11gckZR7iLXxOFpJ0PTr8fnNj eAw,13/10/2013
6,104,4,1,3,KO0OuO4glmxwpCaDS4hluTOCyXXXrhcQYJ3j7UiCKnpLVFHYwZGzEhqfSucx,01/06/2020
5,15,20,1,0,3kmweAcpzyvqH9zU5o4X3PHhdhDVUcwJFys79MEzeHhT5h4pDL8M2ZETKVH1,21/05/2010
20,39,19,1,4,RXfv I8JeTYiEvr7bZBzQUlbT1Phdyv0QEJPoTiL8YjkJdp0l7B34dndHEaP,26/02/2016
17,101,4,1,3,hDZUAGlS9our2HS70mQD0efJ86Z7xj9wgG8MlfrN1a mj4gQKG1CJGY iDwc,19/09/2014
11,87,16,0,4,uUnPgp4B1y3F2cFJqgfPbnuDCKusiQIg0AiQLZ78JtHud2wqKichNQuofmzC,03/05/2011
20,55,2,1,4,AwvoToSu6b ux5j7VamwED9WUbM7EffTGezX1ftKRMu3bIFIfA1Bc7dV9NCQ,03/09/2016
5,87,3,0,4,9UROYes97ixEL3kQRRuMvzZ WhH9RRC3Iwda3kZYVekK7jOLW45nZXUJu3Aq,17/12/2020
11,63,16,0,1,xw7am1FUoRqEcnY2MUUWmwh9UtptWljXEOdptgJXkP8m39yBgtwEkb6KSYli,15/04/2015
9,23,7,1,1,IW8TAjuE4qJyfZUMY2JzVyTfxdtXHdwoj4Etpp 6osXtyn0Ux8dnXOjvG0vZ,06/10/2011
16,64,15,1,0,4xxho55spSUE wUKrKGlou24Jl0rQsdzn1l4p8jeQWfd2Z0uG7innm29qjyX,22/10/2022
13,117,6,0,0,FFEAiFwVowvO2GYuJJqc1P97pKEeMYG oAKUn26l2nYgXlXwOllHrYtNwU7M,28/05/2012
12,98,1,0,2, bX0uKXpTHKoDwpbXBXpTwz1u1fVH8yxtqhoTOF9h8fV2W8jSjYyWCI1vB8V,23/09/2014
8,67,5,1,0,3KrNO2PjFeHYhVV2QcuQKlv9kvAFbZRceiZkLNJZRWl54NF2JrhYnwjenkc5,25/06/2014
4,57,2,0,0,IYKgbyL6dSJ77UMQuONDpuEBLlDzR6Q8WLhNLDWt81R OFuNx9LnQs2BP180,09/12/2022
17,116,2,1,1,KtdJ8IZBzLiZ53hmbVjgFHfz cHhKIzyMv3bLGJXyJvI9S8MrbXkJD0HBuv5,08/04/2021
15,67,19,0,3,XfR65hKNN0knBQla6yGA2Wl91HNA1YoqAQDohecIGm ddKq9rabxXnogBy o,04/08/2016
8,55,13,0,1,9DjwLbGvimh0BeTyoiiUf3zPnP0SJ1 29WcIUoqfaUzApABp4ZcMAvn0e8aC,12/03/2020
1,36,12,0,3,pFp4Rkb5rPWgTm8WUG8i6p7DgAg j6TxxFpWKEbrcmbEoisTPl4U6smS7YUL,21/12/2017
14,69,20,0,2,N5vNiIcadgcDVSinasHJiuemwrXwYA3EACS bqv4gIKJXMoEmIaHHU7NkHpg,03/03/2017
2,13,15,1,4,CiELzQpoNhGy3xecmmDb95F61lKyPGNX2hJjcD6IK2XFJ5nn4vG706nNlkOb,20/10/2014
8,20,18,1,1,q0gG8mir4km D75baJxfudwvDA8UsyNMf5micCOUiYXOm0DCmofVpNvPpMTr,22/08/2010
4,108,12,1,3,ASFaOP6I9j urXeTCCXqXwxBf2LlleaFUQIFikkvdoULA5Sf3TcZuYzV29Ky,14/12/2016
6,91,10,0,4,c1vXT5sm45lbOYOZ3juK0yJmAObV6fPWs4 v1ket4nFHLv4N21BrHBIQ8KnS,05/04/2018
16,67,2,0,0,bTSiaiTExzEFRj2QjFjaOYG T3oY3Y3EBGA9xFrAo8kQ2jWhCpWtZnHEdEJo,11/02/2014
8,97,6,0,2,DwLbW9OQA35eNU2XEbAd0tuKshxgbEOyBnAs237Oia4M97WOAzto vVNzNvR,15/09/2013
5,97,12,1,4,Qg3MMMdtYX4zT54g7LfIp3rr845hSRmE9DAraTronEqFtG4Vn0xds3LYodUu,01/04/2014
17,71,12,1,3,UZ3PN1BNru2NJxIWU QF7n9epXVYL8oaV1zExuH3BVBXXxo4o7DamTPiZAqZ,22/05/2014
14,86,19,1,0,SgaWBdqsUqviHPzr6JHRC7PAH0VZpMLQ7HahQzG0TEPIWPtuzN3G0C31EA3V,23/10/2010
18,13,6,1,4,MWFZy0j8Q8ZMfXHZ ihaeXZjM6KFOvDE0DIpHg8q7X7EDRENQbFJQuTnMI8E,24/03/2012
12,118,5,1,4,8lPbGhagUQokqpX2b47EnCLviwlSwGAnCPo5hS7AjB13EqYJu7 tPkh7DN7x,01/11/2022
16,72,5,0,1,jKba5Sh ngITwbYgrkSf130b8QPK4bwyaOQdxXchw7PzfaHy4QLhRQL7NKrh,02/09/2016
12,85,18,0,3,f2v6HIVp8QA2HLIYLhcW3RJz8j3EMAu46BFDlMtL8bDxzCO4z9dFhq7tIzJw,04/07/2013
7,2,20,0,3,zLA BiSQuQHGTh0HBALcMkP2QAmvDHB6FtJZ1vYmiue5FoX0wThMhk1QW sh,19/06/2011
4,66,17,0,2,4ll64ObOgYz72bT5wauu1VslDpHeGZO 3UdMafGCG9FkMwnpNIZICKiMaCP6,10/01/2020
9,69,2,0,0,QNAdiYZO7FV7VpAkVGSRfFRZlwWLrozD98FOeor6CRXeOpz6CNdkkdByhnrv,23/06/2019
17,98,19,1,2,uVAjGJpRDjA4xNHPOTcwPhF5FmUZDr3ONzYAkShxMosWfPKkUE5je67cOENM,02/05/2020
13,30,6,1,1,PHxmm4NQZ2vCWJOv5MIlDwTL6GK8mrdBopnH6d9VOh6KfXNHDWv6VjkZV8dH,10/10/2020
15,100,10,1,0,oMfdCEwYd1zYW2msXY7tduq2s 2X2ZlnGF59BDeIwXzYZaoH56W1NO2nP3ZK,13/07/2010
8,64,10,0,2,LK7UumoqfJ7FkQwxUHZiJKCGBpnhgr7MFnOm g4fG5IlJbdS55eH7OKRvmPq,09/05/2021
3,51,20,1,2,aLe1xWs0Y1YnqZyxA2EKpwOe0Ff1iG6KJ1rfjceUvBpi1q1lP7OLgaiRbUko,25/03/2018
11,14,2,1,1,4wWhgotVzCYTWwSQQrQ9EPQAs75VDYiNKjPRZjF6fyXK8r5tzZoMgGUIxh2f,11/11/2019
17,90,5,1,3,g3gLEVu5VIzKxE7Bw7AYPsuc45wHZQn4SfiXtv3XiSFR5QRfzj3sHVI4Dg54,18/11/2020
20,83,12,1,0,IXul0gXDr5Em  AKr5r0MaNB8klX57f tKzh99eeH9zXCi7plMk19xQTQYwS,11/10/2017
2,60,6,0,4,pAsPkFr1NQKDOEeO4Dxqm1TwUBrfxYWiTDFkYDh0ohdLVP5Ik0ZsupM0VAkK,22/09/2020
18,96,6,0,1,fbhgLMtAP9wRechwL5qUHqtfATn0Wt7TB7Rg HCKUk9cF5D6loN62jI1tqj1,10/01/2022
14,21,8,0,1,RpPhNT9e Wzmkem4rjaKMRIrlAtK6eNe95lY2aJXxRnGnRog1hYAtaL6VNKM,25/01/2022
20,25,14,1,4,wDOmG3E1tfJDeKS07PU9lMa2nZvmVZ4r9iacCK3vnHYmvarkvurtbYxRyRdx,23/09/2019
11,68,13,0,4,ZjmWWBXzZWeP18i8xhF1Z2PybevKTkQ hUfpwhntvjAU5Kr4Clg5DlHQ71gw,10/04/2014
18,3,3,0,0,YXvg4FJNrlQMzqq6nkUKlbGX1Ynfdm2ejP92ka58mlLEhl6iEyV6KehsMRdY,03/01/2018
17,41,20,1,4,eqA3BsmWBT Yu5KEzKxUCPVaVxmINE9x7lZuR3Igg6VXMpFE3Cunl7Bhwj95,12/05/2019
8,73,15,1,4,0qB2iUwFZGbkE7ox5XbC3r GHw5PNCVRABlP3aKrT7K6gKqHaK8PQ2TFwmNj,07/06/2019
14,16,16,0,1,2SxGPnhgNwh5QjP dVChHPeG9NyTmEG3pFH2vZKjYc3ovc1f2mQmDKVH19NZ,12/12/2010
4,90,18,0,3,4QRmnDEDof9P jTKkdhFkpXldWOD84pF0KXptkw6yK3MVUd U55r5RF5xzQt,24/12/2010
4,75,20,0,1,TguJB7UGkGwtuvDidlh4BzlApykxggNsHxCKnbClJJP4fTfZ2js khumE2TX,19/03/2011
8,18,2,0,2,5 sV3ii1EzNQRIocNYmTyXfjTUtU7BD6ukmQK5818UvGsfI8 nJ3uWWkQVVF,24/04/2011
18,101,13,0,2,70NuH 0fPnXtnXhmYYymNq lE98RPq j7ynXIN16vTw5XyO5wXMxOFV8k2d3,19/09/2020
12,91,5,0,4,wKDgHQ7ku6ZLP t9grJCviGS8VKmkPZfphtq0hLyGp1P20UFQBBtkbp8KB7l,15/12/2015
9,37,19,0,2,JJi6SDhGNo0dz74Cbc uaPQO3okzYJS2GOzGzvkd7ox0UOM8R3j5RvaJZHYg,14/05/2021
14,86,10,1,3,FbnT6k5wL2HNFwjNfFSitkgnSBpSFSoIMBknOKdjNAoqaYnopVGTenlBv5iw,09/07/2018
3,76,3,1,1,HlMkRCiDU8HbImNnuYeiRwAM5OfkkSOx3mjaNsAMPt98MA0vGkypDJ3oF6bi,15/08/2015
5,24,14,0,4,FnwTAQLaSWIY5aw43FfToUTblZKD7ZJIKlj M06zCtJsmwAFMgxImhCWhhMq,03/08/2022
10,1,1,0,1,kJevO3HBpJS jZUIdZdqfQG4LALZsC8ScHYS1HhmVFt8 6A3lWDLlkdkPFGA,20/03/2021
20,111,18,0,3,tdNC1A05BWhRRLKnomhzzjkA2Qo x9Chfl0hfixp8rTAJCygn0ludn6c3bVd,15/06/2020
6,43,6,0,1,55DK vJ3dusQGDkSa7aSbrMbLGBgzXvgQxgDzwa9UogNzGDGNWLi0KCnJ3WV,06/05/2012
3,65,14,0,2,iv4DCoA6iGzl9RDJlcnuL0XxHzfwIOmgS0Hb2TC86IXmlvXMIRVfBtYo4EeI,19/02/2019
14,29,8,1,2,XiL53ToK4FDDrqfUWnacd r8iUZltciPl58xzhWZi5TrLDdBDpST2A1bB9IG,21/05/2018
17,73,1,1,0,GPDzHN1S dn8R8O0 zc qnlzanP8GV zf29yPql9CXzxP cujok8cRDoW7nk,02/07/2013
5,73,6,0,0,hNPJNju4Q62 7iZ3GaDXQYdFqHjidrs3WhFLq6PmN1yg8yXc3 hPkBrtHHoc,01/08/2021
3,31,3,0,2,4HUEWvJGeYSkiFeMC6rQW Zr1zmWsmvPU DWmNkf9zHY8dqYQJbkEWvuREgZ,13/12/2021
5,54,9,1,3,ddo5d4ysrO7A7TIj4hlEnOulSobTXoZ9g1t1VsGWV3T12qQ3DT65zBbAf4Xl,18/06/2012
6,21,12,0,3,OoFof4jXjZewG1WaFeSsjiwS1KUYLU8KtPce3mMxefxMiniBX88G7xJSm1fv,12/01/2017
8,83,9,1,3,JlMfyI6BCWuVYzaW7BOb28NaiQ1OAjkFMHWtLQb8r3vsx26FcLXD22WPC9d6,28/02/2020
5,102,10,1,0,pjmAg46sH32P5TcT0nseeXPqaX7LGRWdxKWTYif2LMfHuGfqn0au0ySbc4e9,16/07/2020
12,8,5,1,0,atlR5AbZ6IgaTztwZuYyhRkzyZi43BtQfW98QUDPLb0WSXQHgVoBgqnapRNd,10/04/2014
9,114,18,1,0,7K7XoWK6iAqzlyrmQHWCs1Hvtcr5auxtZRPAprMkFKNaYDs7bifkQJrUFiim,03/11/2011
17,112,7,0,1,z3YquV7QZ0x5WeiXmhZ72H HSrcCrOyYiXgN5hR4PvqiqVK5idDkhqwipAri,25/02/2017
14,76,8,0,1,M5tRRneMseJqzME0TWk1p4YRNX9eXriu uBJWWvFkYQbRxRyJoZiurLHmquy,20/02/2016
18,96,1,0,3,elNEj0XYWM L9Jim5kbjheX8S7jfc7M2Nl9zwvuOCLbmP6NBbd9ZAIe6tz7s,18/10/2018
17,4,10,1,4,MYRyvIgLhd0sD6jtoo7qTbLPb0CRW9CRI3IYnSQN6rK15MjKixa3hwNWMNyc,23/02/2014
7,19,9,1,1,lyhwzZEaNYcmYZlFnoxFmjlKagG8SbNF3GwfXLUlBLOpRtF3zwgJd7kizL76,10/11/2010
1,78,2,1,2,5fyMAl7f61fvonOB9U 7cSWtfSU5BC5RJAwwK84YukYEIP3gRAVKsrMORXV7,18/07/2020
15,5,15,0,1,8cx4UwoofhSntqwNO4soQcQ ltEFZ9JDr4rb41zY9Z5V9wXveK Zlu67fKWU,01/01/2011
13,77,2,0,4,0MVBQRaKXg8OYAhkToMtw7m4X2OIN59N5BfRzV AH5aSn8 qIJ1SnrktNQog,08/08/2010
17,112,16,0,4,3L7BAbKGSAgtTGYzaeSR6 7r0eJJo2x2YTLTWmAZ3QTEDFmqaXJudEpuH3uu,25/06/2020
2,79,8,0,1,moCiRcI50AIqPiDRHaW2lHX0W6wYUpmPfJXhrvihhGTlicBAUnzZhOXVlwfk,21/01/2018
9,98,7,0,1,aCW6BMTQodZihfF1MLoUe6xy6tzozMWqyYff2kknWVYgEMP3XkMCr6cUC9pm,06/12/2020
13,49,12,1,0,x9oN2VB4miFvOTW1W 9xQEzf476vCyDodvkpW9TuJsM4dKoIdTvvKGngsOTO,25/02/2013
15,101,3,1,3,5KWzMP6AbDLeikrFSX3BM6IcN4mDAyyeCEahe9ZXoogZ5m4odC7COUMV5ki2,23/12/2012
10,118,11,0,0,EVJSwUrD3GTE4Zoh9QwykX 9BngQL8IYYkwM6rjPXZRoZz1DaIULqRuFPPgk,23/12/2013
7,75,20,0,4,azQT4vvGpDiJQWtufAsMZQic4fzW1Pk5nzAW7to4oyeR3zjFfOFY0BQ7tbGP,11/11/2011
5,97,15,0,2,pg09vTRjZD79JPU4xcArY0yiBxDIovFbi O1ZQ0iaLuKVNtpA4SzMdmdIGs9,02/12/2010
6,22,1,1,4,v1d9Ub1W0ukdE4YI1SWDl OKz5WLdWtHZcVYwNeOxsNngw8NmXM9XiZYiv91,04/05/2011
11,101,4,0,2,jwGdMO1kh5L7pvOnQpBM5jqcm7ws9v2WD8Tva7c4SYHLG5SXTR63Lvh3d4M ,24/03/2010
3,106,7,0,0,9MLjHknTc0MhAFSw6xkFu134GzVD6WRbiLE6ZPgyc0bhlnTQG34QTY fhASs,25/12/2018
14,49,13,1,1,c5LVj xz1jYp VEA6jhWc9lll34639By70T8oQP0HLDNb89yAxsNkfINqABe,27/06/2019
3,18,12,0,0,Esm6SgHgHPtREo79CgCtN7SjYliBqrG87ei kmYBi9I6LadOlmLAJwTEhAQx,25/10/2013
16,7,14,0,3,dm1izCl6THDY4ba7SQESY6dSS2ClVK45HClxqd2TuuLhTSuGLQ7uCfek6Ktw,04/02/2020
1,6,14,1,3,9 oM13WAxlSTm9jivytTDxqB0C TLwdacDSrBD2C6e UbMIw0fOCYZu Byqj,18/01/2016
2,20,6,1,0,2fp2GyAZEK5TpmEZKBvdLcYU0N55Qz3eqrLVDEbsRbJqe4TEK7NdaLBMcxz ,06/06/2016
15,51,1,1,0,WihG27ebpHA1wctkURiyWsBOx ms1kIntHe9rWMhG6pjFINufXLMDYwJqnSf,03/09/2013
4,79,7,0,0,zPesDuESbnNBjPWhsH3YGJsRf6OxaYOO lD0xZMACk7YEoLp7qFttzGFlzpK,10/05/2019
19,10,3,1,2,ryXH85Er5Npxo3zZeZGqvukrRqJZgm4aTOlZGUNEj9Sy4TTjSWta182LVGIU,05/02/2020
15,41,1,1,1,g1cb8psyMWx5OTHb9FIwB8JJz FQxSE7OL5tpXa05ensOYiii JFNw6FX6zE,08/03/2021
8,37,11,0,4,KaODPPYfafG8JwbZi0XHLAe0fDHsJY0bf4J9KwI2s1mNRoown1TcLAUg7xP9,18/07/2010
4,8,15,0,0,mGtE831FTFWZxSWI6XbVqwdFd2b9icGJWxJoZPE5tJi7TBIxfSqJkK oMfuI,08/04/2020
2,118,16,1,3,y4uZLJIRe Hjfn40dFUwmifAQoKLNfezR9NT1BApHykuH7XaZIanEUtKQiMa,02/11/2022
14,9,14,0,1,ertDMUCetzFSdSPjeuiTaqqU5v2GAQxbFL9aplFxrj1iRtvd7umK3KzH1tvT,28/03/2017
15,90,8,1,1,ppz5pj1qefYMJpQpsKFTR7C8bWPEHbw5bG5egW0LtZuiPM2ofbACFKY9C tM,21/02/2010
10,95,20,1,4,fs1NPdo4Rx Y3hKmC56uyP4x6MopLH8LD2iljUlaaxkPjWxlU3cSsDqHb6aM,18/11/2018
12,103,7,0,4,KOgbqI9mhW63IRX5HcmORZfOIs  yohiKVUCP2oaM 0DZ7DH0EC4WjizmeQy,20/05/2014
15,109,7,1,4,axEudruEIz7Q64FZzBxn96BlHCdhdipAGRzA9oFVGBQP1WPpXGJM79mG3GUo,08/07/2015
10,73,6,0,0,fx9MOUM3Zku5mSfGwu7nAX00jc2AXSHFMA5HBuuL3pNPYshuzoTqKDKWVqNB,12/10/2013
16,50,3,1,1,NUW5USzRFaDR8G9H9JAOIfPU immNTqOmKS2v3nzPsL0yii5rUN2mF9TTdJt,10/09/2017
17,71,10,1,2,0yJefPmrkJCS5QpLz6OzloJMwDF4 D5vpwEfYwdYWtG2h7iI0 ZUN7BN7H4P,09/06/2021
6,41,12,1,4,QlzmxxzQK64yqwpkJpXz3WOhTQrIUGhGbyJBecCt76xtcfBCWoot892Qkd3 ,14/09/2017
14,6,5,1,3,x2zA47D kJZbkgdnh7EGzzsZgDQXf6XesEUDYzooMfOz9lWWs4AK9ouEC0yr,01/06/2020
3,84,16,0,0,f3KLAIg8x51Is9YnUmU001bwbOqay4rzKiRsi1 iNZL9uUVCw67DoYNQUXws,14/02/2010
11,118,16,1,2,lFS3RaUCqTvLGTSsV4NgTLmQIJYt6cT7ATvvCZPOVVP6hpYM6c1iWGuqELcA,14/09/2018
18,99,5,0,0,IajoyFGusedVjpAo5ZqtvwYXq7VVhEDc62y 50R6jRvgH5v5cEtFazxzAP83,09/05/2017
17,13,12,0,1,BRgw a2kk2FXPBR yYFuATbEMhyqaKXneh6TjeEbROIJRF6Pp0za3I1OuEhr,24/04/2010
15,73,9,1,3,tMURIGqPuzGaH3gVXDyqZoNLWbbmcHhFWIlKMgGc8m00tPQyiKpaiqiaatyB,16/06/2020
17,91,2,0,2,mKQPxl2zx2okhQGe1pNWC4hpOSkgPt cY2VriWA5CFLF muQiFG176mcB9Mx,27/12/2022
10,68,9,1,4,BGt5t0EXvaIztddqa2p1MXOeZKL5CQ4o4ZNpU3PGNiBZFhsqsMhjAedAHbFn,14/04/2011
4,49,7,1,4,abOl0b2hwggdW4 ns7yHrS232RSmzraoza7fFWih9QeggI2R62MzK7IDi7Cs,07/02/2017
2,67,10,1,2,5I4JHQBD6HX3b4S0072yZCBJb2R5pUDMW22OrL 25QkLG7xI2YsNeg2NTDTZ,19/03/2021
12,92,9,0,2,53PU3oLnX3oEZNVKQXDaYrjYKWn8GwobLPmUr60O7hA8g6uJznHBHF32rvic,28/04/2011
2,8,15,0,2,hWSBwd4ocCKm99fMDuSfUv3W5JK1kqOxB3z1QjvMrE7pcGSe2g10hCJ4OweD,10/03/2014
9,75,18,0,1,dcOIXSaSGmf6AoCDWfn V1szXDM9ehMhW7W5P5afxRBp3qaY20KV1pkX5QFv,24/10/2011
14,4,1,0,1,3Mhww4cNRUjD5BOxJJibBha3GHjd5z2LyC62e9yuT8mvSugfqGwGwzFtAMMT,21/08/2018
9,88,16,1,4,b8am3kX1Ng6GQ6xU bF2EOh1RIFEtQ2FXsFSezXZ0g6aTkdT8j1WBCKcp59T,23/02/2015
16,44,13,0,0,f1fOr 8wK2XlR9P5 7VXWlvy3DYiL 2IaidPvnP3Rby54oh50rGYxJlD0LJr,17/06/2019
3,78,16,1,0,FyXnUO28i7GcSDhXDidaIAmmHIXAdVEMANCUWVIxB4bE55v6BUITzhIApgig,15/02/2016
16,83,6,0,3,caJJ6qACLgs827xzX20XzNrTI6UNEahqKlmb6K SG7OOIYXScg44IQsFffYI,04/02/2014
10,112,17,0,3,Obgw828lKXj09XGpdS2vRCy Ym6jP1VrpfyopOUaVsTLTygOtpke3vVGeidx,12/05/2014
2,110,16,0,3, wwNnwuwuSyZd3oTZj7VfbfGOoouhSM1WfdAEfiMKCfOdpiAm4e84IpRMyOI,08/11/2011
3,76,6,1,1,1sowIGfPv2j40IOHirmXUa7Eaz8Xl8ksVUKbW9hbIywCvzcqybS0SX7aVvDL,14/12/2021
11,1,5,0,4,7x7UchUvMNuG8RNEo08x36pkAROPtiK8uMYBlEnTYNEZsvCYesKgi7OU6WOF,22/11/2015
16,104,11,1,0,ait8CZdPhp4UDFHhfF4IOo7P5BzX6xsnHQPYH7TAkDZNMgBVnE3FRqfZUkna,02/09/2012
3,64,15,1,4,UJkVa2Q8 8RS8nos3nA frEyRDkPbQPf9t6zsRxJiosTGv8ViH9WaMJ2YoTf,19/01/2015
8,120,6,0,3,wwpC4vGRzBVz97TwSiB1EDZp6JBbbkajiDDhH9U1pXufptyL77ySoa6VdcKD,26/11/2019
3,95,18,0,3,JaF2LEr3hqcarA3iSyHtHMQT9cL1Kmqlz7 tGpiBoPfJJLtE2wzo4dY6RZL2,08/09/2012
15,43,13,0,3,ITDWBYQ9yDd0No4nnVzyyjDLGL2dKyvNApgOHqdeSTscmDuKQSTQ8oEq1hvn,07/02/2019
19,21,18,1,3,nvnOoXcRpGPNUrEWkSsWKApHKO2KiGP27836IejBD2btkSveFizefOmlz 9m,27/02/2020
19,85,19,0,0,nh02lDEUIx5mHFCNA6Mx0CmopG6CFJqX6lk4cVN6rnRse1F rfGF0YMHdkZE,24/10/2013
12,52,7,1,3,T14gmfhc YpDotOn8ygHlmDY56ZZi5a3cTqpfIiOWct8fVqtzIzSYMLrIyQ4,02/04/2017
17,102,18,0,4,W2H1el5TN4gEK2wTZBl6mHYQB55zAOR5e4wEVkWPGaajRKFBMt ggkpEbyqg,18/11/2012
18,102,20,0,0,sOw6rhuSXZs1DeTBP YaQDLDM0J320nfQn5tA1AtLcGtkxa6AWMyts4BL0WY,19/10/2015
13,79,9,1,1,Eiecjy7pYUQfPMlnZDxxahEpcxkQidlgpeYCs6fMt YyljqLzKL8ACPXLSBW,22/08/2020
19,36,3,0,3,98aSmtzVhEK10ayjoF009pIyQBiLETxwwbAWxvdM1cw6OuvyviNS8 sQGz4 ,13/05/2018
17,11,19,0,4,XEja40kuILQOgmBY0mEgP4G  W109dMemfJG4ztrQJVq3d4tD38HnzcHzbJC,06/10/2020
14,109,19,0,2,NhSD5I8630Bfmy5e183XfHNhUBHHAVbqxVYEqy8puyiA8pyFMSEIzbyundDW,21/03/2016
15,43,20,0,3,A0QUL w1kgU8JbQiyi7T64XkBHZMhdowpCX9TL4VxMEYzjdxf9FcLZR4WE0N,14/02/2014
8,22,2,1,2,YI2s2q N q2pjRZU1hAAtUvvBaVh8Gv3b8shK1lxJNwXzMyikTNi9DYBJBrf,24/07/2010
1,61,13,0,4,1QDAnNP4VWs9hA nCWmysH33bg09Om5N4JfpIh6ncxwZ2tcoV0BYZolnx8uT,26/04/2011
11,112,1,1,1,StqlklQnreA3mHb0N99RhpOI9nVBxqzcgzhE4TxiNO781tLrLbX4FCCC728r,05/09/2018
6,92,4,0,2,lvVQtV3p0d4T62tNe210MyUNDuXysS9r2mnYhuSI9KuMCTWVbl0s6SmT57rh,08/09/2020
11,1,1,0,3,b5Oaylyyl4Vb6MZ5q48aDnWN1hVS4ZFFggKVY1JMujhBIxO9mNhygpGE8onN,28/02/2016
14,2,1,0,3,P943Dc7cFD6mqR1kXUQR2SiMo235t5FiVkkNNgO7XT 7vJe257CEVjwacKVj,08/06/2022
7,27,20,1,2,c02Z7Xx2jMp72roOYZ6F9BcO0zj4y8pai2rBGeqsjyt65QTRa96yB2jJgZxl,26/09/2022
16,104,11,0,0,cQgsnSsnNNGaC79wmcSZ9DWpQRQmSnvCQ1zocyoaszincANY7XZzcuoBIEl9,18/02/2017
17,37,19,1,4,wtex L4xSAPx3IRP6A K326fHUYW5CkHtoAqqc5P0WDdBngNdfelrrAdyVy3,01/06/2012
2,97,17,1,0,Zhy03qTOHsQsa1GRZGqua1ZJX6AGUXoCYU0X09xh2rLWnw5EzGSxjbmtSE0D,23/10/2021
20,76,14,1,0,aAywkhsQAhhywhnuzVzPHqORmjNOkpS7swncsZctirBhl2DUWwrqaYjmLdjL,16/02/2011
17,20,18,1,4,T7iP1nzPFAx3HMpjDAQ3195G9ysnuC4wtDaaA4zf9YcdzFHItCxKrz BXFsA,24/08/2020
8,87,11,0,0,nK4fonAMP 2h7BL9psHUJ6AYw53ynfzXXDXgaIwmMP7ByaDI82As5H9smqgA,14/09/2016
6,34,10,1,2,pjeIj13FMuDq0dH vIdXNSxjflbrweJBKb0rJMgTf4uXfDeGo xfHdBTU3NE,19/06/2016
19,86,6,1,2,14WXcXMgooeBr61wIOHE511e0r XrVa5uAPLhhuUdJ5DYU m6iAXAVCy4ufX,08/07/2019
5,25,8,0,4,2GQXY92J cja4smJYhPFUsy1e aBRqvvbWrtutSM8s2uZ05mMAVnG8SOI4Ye,02/09/2017
3,88,5,1,2,uD7cf6fP6LXZep6hGC8kca3b4cU927wyYCo1KsJLsM2WZfcEfoA4iRMjd8 4,27/12/2020
20,73,16,1,1,UgD4kDGrto9CWVKoCKrxb8bSFqMjQuaSw5E2Dbf73gZiHvphDYoXqoNBdMa2,12/07/2016
6,68,13,1,4,JWEmFGMqrBsSQsDvmvzLmw75u1 Ly93rGPCtBBpH5GPaSdlQ13zN4B4kFVAQ,06/06/2021
16,74,9,1,3,eIYtFqKepigQjqxI5aL4Ai3JkJMBAiJzfkHbAICO7a0SvzXgEzo 6excmkQz,21/06/2015
2,79,13,1,0,n8EpwIOfXk Fg6BIeMz80pHIMwPhEnixHuFf2CChhVKbnLk1s7peCXloun6n,07/03/2016
2,67,2,1,1,Oh Fi5GYa35kKfjdCsYwgY9Zd nC1CJBEQwtAE anWNJ73ZIG4Z C6wseB0Q,06/12/2013
2,6,14,0,0,0sxRkyXLhKh7mPylX0zFxPUn11UilCssuub7JZ NBKZFPp uR3VXr1ECjvLX,28/12/2015
17,113,17,1,1,4TvTkuJnIcwdrXaFvktoeJlNfwMnjS4Yt C5ZFMfBE7r57Jt2qjKHOuB4Isv,23/08/2010
12,50,15,0,4,OwRx6v9g6WV6zJk1mhb7IVB23PeK1Mq3oB9EjqFTffTdca2d2XAll6TR ORD,24/01/2020
20,90,20,1,3,MRNabWRrVQSioCX1Jt1kCZiYQTf3GQqKAHz3NQSa84aBWvdLbBOWofro2u B,27/03/2021
5,88,15,1,1,NIZ3 mYpCXC9qCRm5lh0sywXGXO0HabD4N6B7qEZDeHxyeR4I5Xrt1imacM1,28/12/2011
9,65,4,1,1,HFdQ 7iE8nTArItW9xV0o5vw5lJRdgrxKXRY68Sc9pCJVmzx6GbUo75SM5DI,10/04/2019
15,51,3,0,3,tgyunDjM3SjcbBc 7qxxLHdY0cFgkNnTSns7bfskb3UQSUNGz2 9Sc5PBGly,02/11/2014
6,3,11,0,3,RSoPceYFVbEaLxliCAXUslIWidOTaa8GjkuqWf2YYtF1Q1PyumM1jXiNKVNK,23/10/2014
17,18,12,1,2,yDTr5BaMR2c4onTE2G6IELM5RDxWAjSTLJ5YMz7twvDiY7vE0tHUjgVdqoYG,22/10/2013
6,86,7,0,0,HcefL T2f1M5PMxGCV1N9MuZkIZbEbBKuQRECefhbkH3VrPiZRlOdwfLBNVO,16/08/2018
3,111,17,0,1,pxjdC9 lLSmFqknhRcKPMzLVMfYMGdUfcSZLlOs6r3TWSKQCjX3 ZWzAyw2r,16/04/2010
17,43,9,1,1,asMfqlU dS35IBsBsl tYLlSYvAqHE0gEHeFkNBXfh151DgMzl2lw9tzuPRP,20/12/2013
3,55,3,0,3,C9Ke7sHth68c3oZlC8X5NXN3L7ozfkFq1nIyvcefCPqhDslJ1m5UoSG1F8b9,20/04/2018
18,11,17,0,4,B9Enm0FI2zuocAL13uRVDO02MkHbZgQNy8IXsfhuQwNJ5a3xrvplKeySb1TH,11/01/2015
11,14,11,0,3,a9OI98w6t98gzl6C3FxyZEV6tO6PloEWIQKv0Vs4ZSgLnl4ILtYku pw k2J,13/04/2021
16,31,11,1,2,DUnUMvjaNcQq3nSJZ2lnj8R7QiDNN6csu0Gcz2TLgd6CmHocTQuuFIOMBoSD,12/05/2011
10,36,17,1,1,q1pZusrRBnoNp Z1pwU DZCUnZzXbdGfqgdtpcxAFe7Af9zB3kFpSpKRD2K7,26/01/2013
15,21,2,1,3,3LpIOu8vBh0dIdZYPnFVsaAqJWQVcIFXbvZn0mM5FweC2sSC uVnaqCY67Hr,28/05/2012
8,71,8,1,1,Zauoe9upkY3NmNwnFCTdgfdhxxF8ORl5skWh60KfUlTtjSPVmDt9G6pH9FDb,03/12/2013
6,47,2,0,2,taceMBtC9me50sJOinBbEXGzpMkjCxuXl84bnAKEQSzsNvw1SE G5 g0q2zw,23/11/2011
5,63,13,0,2,Dz26Odw1IW9EtWBIDqXlAfuOB8bOmG8J9ehzQWVxmD4kT2OXxbXPY40ga5Ac,04/04/2012
9,16,10,1,1,wOpiA9SSDMhPNhik1Br4kt2keYOICwCdTxED6Okx6GTUgWNdo YYK6kjFAad,13/06/2021
18,21,4,1,3,hU6ThFl lq74ikROqX0AxHhZJ qSeTpZWm2fozsSw5b8tuPgcwcC6M7o nCK,04/03/2013
7,24,1,0,4,Z9OS23I1pBFGB4UFXiJEFgm8bTuw8V5Do4dgCpYqnFmK6PUwYL6AQarAk9qN,28/11/2014
2,25,14,1,0,nH28ScriICTTRboXfZGKBT98ssSEZ7eaPZ4NFrTBegnVV9LBcoPSQHPSsYal,15/11/2013
12,27,8,0,1,9jvB2L8ChAhfLe4m94sswgeBoyZclxc3HTZitB1i5oxua84cGGHoYF4nexne,18/03/2016
11,29,7,1,2,jv43vz8lSwVrP8zeBD4 XW7bdAGIo6UBZyaR6jDp59cVy4dgbBJNFp8lMDbi,01/12/2011
13,22,3,0,4,U zJR6HapfahmRUKxLLzcOzdZt7C0WqxIbTak H 7T5oI4zYszZqCmR10okw,24/08/2013
12,53,10,0,1,nT5VngTNTYFbnvO97DkLT3tRtg304h3ICL 3pPFozY1GVu9cW8vGSToMzzVV,22/08/2016
8,108,4,0,0,02zFdeH5qrusLmoJ9ev39OYMQM19repXj6VLSo1 r7PldamTsxIWyVHVCJBV,01/09/2020
17,42,7,1,2,9jSOzlYqbFRQbbBK8c3amJeL64QkuYqdVIDh7lNJulPSrrgUOtcP4KmUQWWa,01/04/2014
12,109,7,0,3,Dv1PHn0DZ7tJaWh5OZgYjX5f2n9Un7oCQADDfVnzf S13AQOfW9RYXaPzLk6,26/07/2019
13,93,17,0,0,Rh6yQy10oJktBpxeG6ZeXAFwbuUHHgq0XdLNqKzxP6TVl XrRrfHnKc31XMm,02/03/2018
16,93,3,1,2,Hkkom3m55zYD4koZYgUpdfrs9h1foBPpoiWhPtm60sZZuwbHUNAivwg3zor4,28/08/2018
6,56,19,1,2,hbnV1ePJ0fd60KuWTlN0fwT8vmJTzurVvo3jpzjxZeBlhpdGA3z8fvviG 5W,12/08/2022
14,81,3,0,0,si3mF0yhbyN0b 2Zh18KBm EHbi93maxBn7F9F7Lc3CWbFj4JlUNBQV2zBwA,20/01/2016
14,96,6,1,4,OHWszGb9iMGz DpWH2yTekDBdcUchB3YnV7POj3jSVBgYcrE9YCQDfB1jtYo,20/03/2021
5,62,20,1,3,rR  ufYJOCSH52Rlz2x5mo09Vk 11V9iMsT1rgeNJOjUTfhzGEwKGETSGY3t,08/04/2021
20,108,14,1,2,p KAinJP7LHCI7UIDg1IFOBEHB8a2T7 E2aqGCLvnRavTuRXwZJKC6Fo9 mo,26/08/2020
20,88,8,0,1,XZ6XE4aFKUhpMzjMvwbotT2ca6zlYJRZ3Q1IfiD3ZY7GqKMwVeRwxZIKBvfn,20/07/2018
2,83,3,1,0,PfWZx7WWuqp2 H2F O3GM9DfsMZ46Lwe0ZWvyp pMycQh52VlWrchCdlOxDi,09/01/2020
9,94,16,1,2,XHJPSajNk2UjBKej50Yyw3KFkf9xuxpqRHa9 U24G6KPM1XHMsKm2ADGUQJX,18/04/2012
14,35,2,1,3,H4K6FYExEBBqdKI0VXQrEQmPcYIg1 Ug4DwKF07HJYC3AyUzWgchMJZwoQ9F,26/11/2019
8,14,19,1,0,bPpAmwVSn06Vo Cf2X3M4WodOQgC5wwTR7y8x3jQhySj0AbYIxdKkdBgp5RE,23/11/2012
15,92,12,1,4,XiWLBWmovTsiZPJa9ShuvM azf5Ib5ghNHpyNX7MY8uqmQHzanFUTXco07UG,07/03/2014
15,70,18,0,0,ypmQkebIbt5OZdVQmDC7IaFzIrRCVYAOtU3TwImTg61trwhuxMsXyA1GRnGL,13/12/2015
19,115,9,1,3,OKbGeBX80MQTevOoLHUV87V0ovCVf56CYG1K4HHOAfb59iBk5w0LKK8BFfSk,13/05/2013
5,3,11,1,2,3yaEyy2kHXtdUH9gfcY2wx1Cv1Q2jW8Rf0QNqb8w92hg8rt9L6OuAkY8KCnW,17/04/2021
4,31,11,1,2, 9Vwr0JXbi6bI0FDmIOq4ggfeTOwrDjEaJUohkSYBKRYVY4UTmWaucDMoFnO,19/09/2020
9,62,13,1,4,sT1KKZ0vnHMGC2Isowj9SQ5U9744tm12Sre7kFpbmtWhgjypOpHQFLjuXcB2,25/03/2015
8,25,5,0,1,vPeFr4hHE41Q6UftOel0Ys8ATiRqXWoDnKFM2L FZg1bURTs26A2emkLS295,16/11/2021
3,1,5,0,4,NhQc8sXsCKJafbYEgX2zRtZovNnyDkqUwv3uHZUktE6eoj1Wm4sZsS37sCE7,09/07/2022
17,50,2,0,2,PEabIcaHjzyBWwM0jYm1hYL4AosSSDbeBqmvcNAvzJF25vl7cjJy 8g5 Gtq,27/01/2010
4,68,2,1,1,vPclpBZJomqB rOHfJp7tYCq5QAmhozMZFHNJvJIDqUuO3VOSdusVRK7V0PU,12/10/2012
4,87,2,1,2,P4zSeQ2KbDYCeaTILT7QfalxDpmKVEdPFsmYRmkY90A9Sg 83MSndCQTtC7v,02/11/2010
12,75,20,0,4,MPzilEKgO31hJMun4MhIH1bom4G0IU41A8mWq2OGKsEVdYyDZZNvRNWzTDYD,13/10/2019
5,38,19,0,1,ultEDO9UhY49Hjn7bn9Yp rm090Ffjpin1MEbEFV7gygc8Tzj qewcUJTMwZ,05/08/2011
15,11,11,0,0,WTAwd0D2svT0A7lRDUTR1DYMxnoDG35sdmzbdkBE0YfqJq93Bwq6wcBySVFj,15/11/2017
19,67,16,1,3,HD3vu OgJ2hlsMcod rqSNefQqbbsWvvPEPB9TVNpo8p Uwl2EzyB2280s9f,17/01/2010
4,59,16,0,0,72ggfg I3qdEhAdf1rUQT0HNVWQokNwo7DIyPZ5yH5RWw8bKASebELSwFTGG,20/09/2017
20,64,14,1,2,YcdLGvcbN1r8K2897oPN1pkrkhjPyfNPtMwgPRaHnlnOUsxdvVqwC3KMnh L,04/07/2015
15,56,4,0,0,s7y13xNON72zJzQkqggAhFP9aMG7hCqL7zmTujaXitKYdQY9WJijRI3lIa9d,03/01/2019
17,84,3,1,1,72OFOuWUAYBit0K87opI3HCPfSeNdRakiKklmz9qBTPpb412fqM yAzgs0yR,08/05/2015
1,6,17,1,3,7bk7fGqXC487uzb7o4Ys6JArwkSO9jTcJtjToeeXof7TAlCtVSSsaG6xSMud,06/05/2015
13,92,13,1,0,Oha32huptihGPgYY9gvaiGcrjmjn6AFnbS8uaWZXk5ghOWCF4rkUlNbohqpy,18/10/2020
20,35,12,1,0,pIGy9TgQDM6elV7qXCQBs7rWO 2I0i6mOpVqw6USEgYulfzN0HdRcbAAzUTt,28/09/2021
4,45,3,1,4,imcCUY 1B4LoYpSjOjtGIWGPjSkZqyCA525RgFm2pLQ7lYDZm SXELOxbPEp,05/04/2011
8,6,11,1,2,uzm 1p8nLNWjrJeYI gjhfZDIO1gadCukbHgvjPFyU8RGrWibIIeCepv7eNt,18/10/2016
20,80,12,1,4,eY3Pj3pJtECAVAVIWK9E2TMQQ4OqeYJB6e4V3BphKOcSmrhCd3TblLQ1uGAM,14/05/2012
17,73,14,1,0,3ZullvLNhsj5PYNvM5kuBi NBMrMen2IHBkUcT7ZwxYy39FjyDWPbseCMywI,15/04/2016
15,65,1,0,2,nWNLJKcg8 qvX6lXDBWbjK0yhoquqeKWfieFzZxUAe00Yjs6OUAxtPmT3qFM,07/05/2018
13,98,16,1,1,AtA2sC4X8wnXAkZhGWXe fDOpQyBd8IqcCqIP2C5EbqrEYQkpwSfiMVchBAJ,04/05/2021
7,49,11,0,0,UtzZz0PB6qQKToRKTpMFFmOdo6av0VSdjZ1rWwqixRnviwbw9TB8dcm9  kD,26/06/2010
8,21,1,1,2,XZ4 i2eL sJp9VSiUAvZbJDFBKIeTs11j3IVMsFGwdNM8VVBnpn62As7Tx9g,19/07/2010
5,57,9,1,1,KQ8HIjL76Ushigp49QEZSNJiG44lt2kEt8W3aUC4FCFc AV0wZuHng0KHvVA,27/09/2019
16,11,20,0,1,rmdVJnEldUtiNQy3vvgavajdpcu 9SS89PskX8Mf9b HwvMi W5ZoUzR1HSC,25/01/2014
14,79,10,1,4,AtYBAZrSEQ0Tq8QI002p1f3NLAWTPnlc DZbtUBpakLGr8cCtRUZQfASv2OD,26/01/2010
4,47,1,0,1,jota2hOVZkil7OrbsOJF4oBNcSMK7Xr2fq0SVv7YrAFJn8bRIpxCBS3C1np8,07/02/2017
18,69,13,1,0,P7AAqtEzTekDLmn1R9HGZzKDhi2OjSzuYPwyjqvystVg0aVQc4iuPwIWk0tn,26/03/2017
6,31,5,1,3,MTJJeWeHS RAIXOlIMuGTTeppw0Ie1OFqv3w3mMN1TezkIyNLAchR4rrJEyz,27/11/2021
15,23,9,0,2,8v0Cuk0igd0fZL6OaXnla6IXGopmDSrCxOceb5DAs N0UwuNLdrFadU3YPNd,18/08/2022
2,61,2,0,2,l6hgjNMAOiw4ph4gfLdqITzUHpif4tH9MEPowbQ3daTECKKXrPZ5m Q1izMD,17/09/2015
3,58,16,1,3,qDj0zUiWA6J25YJSdsWnVQvUHhCW27nlxiqIxKIW2JEGrfzOiWlkTkrk3I7z,28/09/2022
14,116,20,1,0,w lNQQhV0UOCmhVaegMKDad5euLlGqUptJ5O79BolhxpLzwoeORJYr0M9Zkt,22/12/2012
10,23,15,1,3,BFOkeG0YxscSUbFjv9 jTrMdP0VdnFXQk6vKKPvTWuBMBMvu4cWSmsn6DO76,20/05/2013
7,112,2,1,1,XwCms59VVz4JTftzWKF6QIS7ChrWU22rRfFTO3CbDQjbTjGM33Dfl2RYjeMn,24/05/2020
7,15,18,0,4,5esNFc0q 0Rr4eRy CJFsUeLnIfgL7uAi0uhb5y3QYZjBcgV1kQBkstu3pDY,24/08/2020
3,84,7,1,3,ULl1oQ3hT8RU0b0JjbCoFyHLVEMGI9aN04xjErnrFlrsVQilab3CVGBgWVG4,23/10/2012
18,102,1,0,3,XysQ4OckVGV7P vmpTa3N7sR1JICshh2Rzygl8h0eV3zHCDuXpW8qsp1wxnd,27/09/2022
18,86,3,0,1,inMFfuDlzQAoSvG8MQM oV3ZaupAkOvpEShYoCHXuWJOUxvfICiFvM6UqriP,07/07/2020
6,23,8,0,4,b0clhnqepg6C z6PpZNKVYAPLZNZ5DASSFT pdn5Mo3mXO7YSsJo beTqi2N,25/01/2010
11,71,6,0,2,Esdu02TRd9 9tlaIVSSpNuUXEdrdXEQDh2LmoDP08fXx5nwHCfKthZMhHQVj,06/12/2013
16,29,6,1,2,cJ KrWIDfRSyGsk0pjdPpV8zb3wJLNAxs6YZ7o7Iwoy24sqkU4YXU7jACz8h,10/05/2020
13,85,8,0,0,QbTqwZJxDKFpk Ij41FXz4jcXxTNbX0jy7eiC7LSkrSw6bcCdg4SquxEwaHE,17/01/2012
13,3,12,0,0,NTMewMTlww8LUekMmj4V vX1AB2uflBSM5FvmcuuiCJe023OhhMFNerv4zIJ,20/01/2012
14,94,12,1,0,HsORq Bo Yx7HjITLLA7UZ7zWrMz2PjGo27zPMmFbQVVEUuF1bxi2BsmqEEI,25/12/2018
10,106,5,1,0,ihwNkUr7w1Jg1P 88oaXTuhrcZ 3rDbNwEigjkWuinMDEeUh0uAazWCgg85c,16/01/2017
19,36,4,1,0,VeyMKlaom87n62nuRVPypoHJoezV1JM4vadSTruKuYmCkZpNu2BjCXsnupXr,16/06/2022
17,61,11,1,2,oSjU4fXlEwdHObB5mC4GT4lfJIEQ3sWdLVf31a66KWTRai9yjqXjKkJFTpnH,05/04/2012
6,83,2,0,3,bLsXyHo0IxF7dzkn8ZTMq6HN3bxBhg9otqT7ltoUMiP6DEF2t7pCnTVdKZfz,01/01/2017
4,47,14,1,1,HFDfjDt3j5Lmal2zeV1GT4hh1YcBfLNmQBluReCOHdtyk8WwuOO4a3C8TTUx,01/07/2022
17,61,6,0,0,LyfMzyznC M2LGGMw3i2aUOyG4L9TytAuTTTF9jzpbenJ8jiHHi4ZR19R47m,06/06/2015
17,7,19,0,1,1Gxq6O49N1aupZgyOKOw44ZQTABQ8z9QmniRC13 OMC52jD1xoT1hUQx6HuW,10/03/2013
19,23,13,0,0,6KyEs3ygpWLtrvdFr3OaHCs2GzSokPexg19BsBC5yZqCLXOc7Gq9rgff bTg,26/02/2010
16,74,6,1,2,c18v8Byta9R1Sp6IJmHKk1M8igt8IGYHtQm9IbYZgXpg7VHT rp8TGvc txD,25/02/2011
17,112,13,0,2,VTjl8BtOvNB63n5qXv8Hpi1UXvQ5XHm9kBgUVumFf VhCO1Xy2eMHKMoQmt9,03/05/2011
5,97,7,1,3,ZeZ4PDhcZhA2v VIrtOgqhRbKMUXF9N5i7RQrELSAPiPghdjDfFiGThtyW3R,25/07/2017
2,26,15,0,0,BQnCL37JirF7iAFvKWcj7EZR8I8eLm SGLF1Dyw Kf7tQ7NGVydZDwymElfb,03/04/2010
9,101,9,1,2,223fRwXn7iX4ScA0OuRotKYHkkMIOIrngT egZot4TBp eGlBKGOM8Hvim0Z,09/05/2017
14,19,17,1,4,9YFIdRRuEx9H RSw5lrVAmjSkbkwKcXwwFuh0oiQqrixQoWIm8Y9d14IT05U,05/12/2022
16,47,17,0,2,0rwZcvqVb04yrlHOJmV8hiFLx AsXXGqTx9qYxjxbn8pFQFaNpyeHaTrNRkG,10/11/2010
19,82,2,1,0,Dt34awtqpnduH2G17fHS 4e7oGCJAEvNQrzeuwRkwzW Yg2E8roIMgi7tYMB,16/06/2018
3,61,9,1,0,5S4fCqDYpNxBRnVpLsHcwmM2huof8aeAOVJsLzJh9UTfX 3Fj7 Vewk6CvIL,13/07/2014
15,41,12,0,0,uiG6Mi2rSHsYy7H7 FAPSiHDevDYcQusMPjCTqUDsRhNmQ4eLTgeq8nmYMn2,01/04/2022
11,53,7,0,3,E7S5Qh9aaUMwyMTzohb8p1UzgP31bn0P2rVqB5DZgDTQYA7lh6qBBtGQnkfy,23/04/2022
17,113,2,1,3,m1jAwFELpHtkItUT84ag0lYo4nozToic HKxgvcLs0zS58I20T2LbDwvgxv7,06/05/2017
1,59,1,1,1,RBSC1yOgnmtnZxBKV8YIClYyRUArHVmTPMxp2ZiSqMaFlJYi2UpuPtG69i c,05/03/2022
3,115,6,0,2,1tU3Uxy3oIo4Wx RmlHqvJGwIAS7ix8BgWxt G0L4mb5iWzWXcZOSufiC 6g,01/06/2022
15,117,19,1,2,dxlNp8H3SGUOYim9pDGgC19HxOHKYkZTAvhtdO 2jvbXVcKGafUhg18d65qf,11/07/2017
12,69,20,0,4,h1AataSozu7mQSeKxrvzIBj4eyJODjql3qJvlJ wcHWH7vkvqcmpygF2vSLG,14/04/2014
4,11,20,1,3,7Mdw9iTp1luz6ePzJnFGgBVot8YgWeguconsYPvIJsmE7G4KbS8mIxVLhLcl,08/01/2017
7,120,14,1,1,bNkWbsGX0KSGAvopaTl3aD9z3dhfAPChwa344nd9Pmn1G6nYABapFd8u1cNb,28/12/2021
19,13,10,0,0,PU1pZQqdQDPuEEnxUWx4JiCTo9D1YcRYtt0YKxP8qiWBq6o3RxpCh07PBrX5,22/04/2014
19,97,10,1,4,fY6 Uc3ZrukxKiQok2vZ835qKHpZu2u8YsqnIJkqgQe73hBq3bLn26gSk3L3,13/07/2020
6,51,3,0,1,YhMYxOCXgb3tdzO0tKoZuaRyeP2sSyTcpz5zNn HDksoPqo1JK4bJULvyB8E,01/07/2012
15,90,4,1,0,5QqBj46Z1K1v b2yph 2fdL5PhvorQJvkd2NBpZRreGXSq4J5KF1Ejk0v6m7,27/04/2014
7,89,1,1,0,mx1QUBRL mjxcBCLaR1oySJq8 KuI5OoTpzQFrSMVtixCYAbSqDexDNT1Ngk,20/02/2014
14,82,13,1,2,mi3XvwI0v9SI2NSqKvqPmYOdhIbfKc8wvDL6z8QVR5fbinkkO33Y0HGxL3DL,17/12/2021
18,57,9,1,3,LrDEIzrCleXEzl2Rbopqu7KWtJlA2gFo XVT6TlKUJQ6srOuiJDpJ9zbUeud,11/12/2012
6,102,2,1,3,tmAGy624eAdzdj87ijHZ4jkiKj P7yNEgmib7bbAO3uJOMyGM0JY5TACDsJO,04/04/2018
7,71,11,0,0,uk6bJFe1TxtuEvNYT0IYcOqzmCKgJZ uIaMI qBicVQj3FBbk68eCl4bNztw,09/11/2021
5,83,17,0,1,3dlQ15COZ58jmpWED65cMq2WoKI9nUgJ87GihkYtTMNQpuZyY3xFg097E7AC,04/02/2013
4,50,16,0,3,UT0NLFbo 4Ra11dSobLgwWNyIlzW 0SXP6mV8 Y9dbwFv6CfuW2 p44N2XD7,09/08/2015
3,86,3,0,0,6hqtI2d1CzMerdbHo68y3PYbaYqX6NTXKaFk0kzCtliRhTjqljSnhg3oAoCT,04/01/2017
19,104,12,1,1,JcPFnN T7ux5wPOeB7JmuL3ZhpUz9uZigfsBDmnFzk9LuM1c1vZQhxPMPdn ,02/08/2016
16,46,15,1,0,leTbuoR8G3Af4fXaOQrm2U9rLdDAMVNn5J1cLoHtY7RsO2ik9v0QhAmjtUzr,02/07/2010
2,78,12,1,4,JC8KejNpDDqJwFdHmfR0eZAvbH3vJxVS4Jyxzn JrN7rW7gw0JA8CQ2aBGjp,12/02/2018
5,44,12,0,1,AMdEHDlcIDSyZHFfXMkFmtTjBKceWraAQeR7LcVlPLoCS gpaSwQBPL31Nf5,24/07/2021
14,114,10,1,4,Z5jnhUtybHRQ4XcnCooJXG9HxwQFf5enAI61qMnv857gii5kYpPf7w08 Oid,22/03/2021
11,116,13,1,4,TqPxl4mbhojzFCJkOXdwYqvcQM 26L6k5v ANOVq9H7e4ELZj0D58dF7iiYy,10/12/2021
13,108,10,0,4, 9tVY93u7rmVRH2KnFv63sn gkAJ9zomfXv9iH3FlfC11isjPygsi2YCJvuH,10/05/2021
17,99,8,1,2,ycyxU3HvZZg3MJ3y3PAHw0O MW3yZNQvHeStcMDH7Fw3hP Lf4QucssCefOe,18/11/2021
15,93,15,1,2,4vK4vWmWnAiibJmRwxaFitwQ6qnVn 8LzfHdYb9DJRYZbUeI24Xas2cnl6Ht,10/09/2020
14,13,17,0,4,GoWExKPCC 9cEOcJ2W4sgEx9yhOLCnWR6VYVNOdGt0OdQI41LFW d5UfbNoo,14/03/2010
2,42,1,0,3,AYQbLbqzMDFqtEGD75uRi7KqBTxGmsPR3R6GZXUPXS0htAnCCWjyMUt14Se6,01/03/2010
19,53,9,1,0,ORQc74GmtBD yjZEAwN4BYpdkFZNVIBhsleALaSpVh5NLxhIOaHK0rr844Lm,04/05/2011
16,30,9,0,1,vWPtIabPcAy5keWfvKdaBVsCAAO6yqXb5Ou b57UrZMIcI14IIvzytY49P q,22/03/2016
20,75,11,0,0,MIzL3unAeGxRZ dwQCgNDOIcyFWdLI CdaDMHiDEmU3PWzHE57KkevCbeVXX,24/11/2017
9,113,6,0,1,WuEWbLove0kRoAkcpPhrCTsDDoNaKbkmMenRRgH7Hz4 Yht32RroHVJSn5B4,23/05/2012
7,20,15,0,0,sBc1od4of9NnUEIrKEr2VxoLFoYiOq9plxLHIBkHcRBaYurSqeQ8oituO SB,04/12/2022
5,17,7,1,0,kjIK3bjetVZY9xT44u5248cUfXOSwFi27V2XjzF 7 FoYYZ0G3rTZt1fCBlu,20/06/2019
14,114,10,0,4,IFtZGmZzVhhyU0yQyOBybzInls3KR uTD8s42RCeyLws3GVSErNza jDbMpJ,14/05/2015
14,110,13,0,3,X4Ho HJwlvVwwGQZyGAURJ474beFj5SzvMLa2sFUWEqLWL5UEaKjrooTUELd,15/05/2010
1,8,2,1,2,7bU5sXvDRNYHOPCdweY7IBzkKQLt9sE4ATQ4PS5iL3Fw5ETFm5z74nBSiMLW,23/04/2015
14,62,18,1,1,UycXElMDg27konz9qRirM9ZFAMxm29K1IChqi6fDlfpAFadYB8CFDejRFpDq,05/11/2012
19,55,5,1,0,7OqNfOKdGRLieRsagvdSxs0FSPQkSdaDSXSvDJMKtYD BqgbvC LAS4VftSP,05/02/2019
9,45,15,1,0,6EAnoiob5ZQ3MJuFkewyRDAXR52hQDsm2C5ZDSyA1SvxMmI30EwBynDKkEJP,06/03/2015
6,115,14,1,0,Vd8RrhEH53dXlvghJVWW8Qi8bBGFh18pwhokycukDasSlUKSmLnTBTvcDP53,06/02/2016
1,41,5,0,4,u2k86NkLJAHN5lssYlZpWvubUcILcF90eMV7igBQ4Da83nzddwGdp34OpqLW,09/10/2010
17,80,20,1,1,QPWUr5dgb63X5GY 3knXj1PJaAzriUkuVXmKIrPQmLwPHBDDL D0XWXPj2UJ,19/02/2018
10,110,18,0,4,zxjboQpmTBFYqsbTC9bulhLngpT57q3tpzJd8m1Dn8i 2Ozkl0YaMlDjY1SQ,19/09/2010
17,56,2,0,2,TmdUzstPtRsyPk2JKjc zhkVWcpftO zTfUeUVEbOD3CKN59Vc8Gv9iKjHSR,19/11/2021
18,8,2,1,2,AmUIc6vSgalp1qzDtB7SubBhwiOcSN5icdtmq9DbxYGjUcM82y3 BF3OqjxE,03/09/2017
7,115,1,0,3,zUcYOffCmoTcrqFJEk xMsU3h291eqXJkOc5vJNdLUnfEI05Tv5VaWgzLQn2,07/02/2013
1,38,2,1,2,Xa9qVhj5dYeU7gbr4HZFJYEFG9KilDg40K8UN9QAC2M9Iuqh6Xvts8o9iQzN,22/07/2013
14,111,2,0,4,DHX5SHgeWx0 aLTqCAick9QtKbvVuvmHbqVc37BsmtQCnsbxSdpRT2ksHGip,20/04/2010
1,46,1,1,3,msLcVWJmeeILJyL62GIvIxstIH9UUGR6THMdn1qLjUmpEY mA0ITiEKORWm8,11/12/2016
9,75,4,0,0,qeBrzqb0WQzc6TNXQrwzIP9zP6cFhIh0VJQGhNIJK3n93KXcvdwcbKlCEGLv,05/05/2012
12,12,9,1,4,fjBJyxOPkPkYRtnXEDhDd8qfFQws6yUYNHwplwIA9AVcfAUSHYdoxt F6QEQ,19/11/2019
15,5,18,1,4,8YnRvAfY 8tDkWLtbLvVhJ8jAT1RcN5EPSmjx4 gZEvVUvkyZaugjg0g4w0A,07/04/2012
6,4,3,0,2,qer0yu8gygeO4VwnIUAaXvEeqzWgU76jYZEhLqiC4STSj8i3Z7MZoocfAVlv,27/03/2018
16,23,14,0,3, JS1Y5mF1blgNsEAp0Zcl4PXS0ZawrY1jDhdEBfaT75r07BY56KSS5SgQkN4,06/11/2013
12,2,15,0,4,SVqOrpRs3CJpUSjy0UqFCBVlUn4xQP2Ji0YuoFfebiQP5cbqOQdxPCjTVWzp,03/12/2011
14,3,13,1,4,bIbi9iuHnp0tBqtHJkrEOusZHPNR55QM5E6X0Zl4yIBHZDhoadnJ2QSLNa U,08/06/2022
8,25,3,1,3,VsmaNs3yDNYFmB1ou2Wz GQfc6aQfHa8qxrOrXAmurz6AKBrXWkuhEPF5T2k,26/11/2012
4,102,19,1,2,0XN5N6xXAI87dLzj4csLW0KYc92gIqQT91vhMDHyCxsTSGW9lOTfm462ZU4Q,27/08/2015
16,33,8,0,4,apT3X ImtexsYEFphDYpO6k3v8wIDMG7einl7kXKsUXK6 haWR32fkiYAbf1,25/07/2011
11,101,7,1,4,IqmHaIUXEMCEJ7zEITt3ZJjzOFTD1IWHC2fCO2GWPbZ3P1U 4bJSLknKPvja,10/12/2022
7,110,14,0,4,aV5x7fhKQJZmKwhlxDEK7WpRRgmtQfbjILh06ghKQKK8BSkjpdvoynGNjFg4,14/06/2019
7,107,4,1,1,aAl9Xir0ywLvDOqjHblIiePQWxtKbRo0WGe8FCan eDoeUDbochNugM3TMcQ,21/06/2019
6,99,19,1,3,6ATsLRtujYODVvIugj1a8D5LexCeGas4UceGl8VZO6TFyROBcNJjqpTle2fd,10/04/2022
2,115,8,1,1,BEZQTUx6ocm36FQ7EnrfAd7KHintaTmVKMBWu1NYzsFmITIAM5YGL1Lz OGU,09/03/2021
4,80,6,1,2,PNQUJQKWesOZ0CbSCAnItzTD4pn9oKjddXIPd2JnKc9Msw5aF0ihmoj1uPsi,25/02/2017
20,97,18,1,4,tlVWDVNeoR o06MCQEFCgbtc9K4F9qqv9vBEkINabjOx3XG6PSQft5sXKwRM,22/09/2016
5,33,18,1,4,RG5fGpRsU Y0jjSwVvAQnmcqndZU8PdjMBcHsfXIUdkacbFgGPWVr7zOzR1F,05/01/2018
15,29,10,0,4,BQJEJeWS2zGFlPPgChvuu3AKIaDwkgGmDkheO3IEiFCF6RpNYFOtBOsr4ni4,26/05/2012
9,22,19,0,0,6V ur1gr7R0HceAWr8pz0BnbrE3MbIoOXoRcX6dKyGQ4u2twdDAIbH2m79Yu,11/03/2019
13,37,18,0,0,S2lBGWTKsyZM3StYtF242PUze2ISmVIZs8ZVZmqSRnvcrSN56kgTelGL17Bq,23/05/2013
7,26,13,0,1,LJKJkpwchmWuMi7YoTjbGgtlwlLFb LvDwb0oe82nuRTnK7W08Yu5jVWoVL8,28/03/2015
12,90,10,1,2,kziNX28dB8aOW3TcdsCGP CtqYicWawowJ88SqyzsjgMOzHIToSHz3HGs5Ul,04/09/2016
6,101,15,0,1, ZQ0Uoyab vCnz5hmK98ibG1uP3Fd5uAwPCkHmQNW8zChCQJJBCAO7gHuMxE,25/08/2016
18,62,6,1,2,4xKA54owx3Iz7Dq WP4rjBmlwW1IjGzNOWJlCe1q9k5kbX1OBrSaabkgNAUe,01/05/2018
5,82,5,0,1,M rZTKqsmMLubUkcuSn7OYvuwWQf4sjp PHWi32bYNKtBHxiOXlqBaB6wUbH,19/03/2022
9,109,3,0,1,KMPklzj02HJwkwJQKrbpBlaDELEC0eEX9Fo2k3W6BtlJ1GYtWBXiuIX1I0bW,20/03/2017
3,83,13,1,2,HmO yohvEpplkE05F9PE9zcR 0hhkVoM2UICA5H03ZzcMhX2cp4PzT3Dfhbv,18/11/2019
20,108,2,1,4,SoQX2CvzdTeiSs0OohIIUYziCWIsBazXwLAEt9Hj8vNOogzMRr1yhQ4ra71f,24/12/2016
4,34,5,1,0,bKBFAXSALHV9eUSs89C3zRMP7Ivypqsq9ta1hEnrZJRTy5KzLD0Ih0MIR3TD,19/07/2012
3,113,12,1,1,8c 7Ekg5HpXU1AIiuODMCHVSUEpkBXjQrMVaYOvJnWZ3ldHFmbNhDLTqYLou,07/12/2019
16,85,19,0,0,JQiHj5o7hQL7Rd8QaIf5rbrV4SeXrEwoaQKavRmapGFqmjCtbjSxKjV3SD5 ,07/03/2019
8,99,16,0,4,CU326ogUKz128ne3ANWBx5En1yohSgzPzAruhFiL9GUju1wMI2qU3o1PQcl9,26/02/2011
12,69,6,1,1,weg1HBP0InI3c3KV8GxeRUg6lD1ykoptxuMsRa X1bl2Kyq N1FeC20np pI,15/07/2016
14,85,12,0,2,3xm  iDJNchp4ticBBVnGMZp3tTJTix3RNYUrNsAChBLm05EuchtIM1PgKL5,21/12/2014
20,10,19,0,4,nDhWiaOojqsqinumQjZt0qHee0Rouz5I8YPojgycx3qLHw7C868YF5njlzqX,02/10/2021
16,53,4,1,3,c4YCPtD1vvEX6D8NKinqs39suUa8einw4cg5J8Mx5KGyGbpibkOBBgxK51Ix,15/05/2017
2,34,15,0,1,MdlUsg5BtmxDVXoc23tBwrEdCN25Zm6LhBRj8BPU3GpVu1cKQkaHd6Fs9zP3,11/01/2013
16,88,3,1,1,l1A47QcGXzwJlNnUc1HWX1eQHa2MikJ6jeHu76fwDSwiKQs3IHDIFKrwrFpP,08/12/2019
15,62,3,0,2,NsUkIbq1X5910RJkV4sTsXsPn9lWdUGw9xEILm9pYx sPvT VnMHfwnwOJa3,22/12/2021
15,89,1,1,0,wMH3xOpjgvwKA OdzA44osrFIdHFQ OxkFD9IZ6m9QuJouAKrxBX UvUj6mg,26/05/2013
10,18,2,1,0,3 qSwwzxGk2M7WqkSvW1ZOi54CnRy1L9S8RW8gYAYu39d98KkNNFa3cGXWuR,27/08/2019
2,51,20,0,1,drahPYF6Vq0f0TLwIJ 6z6a7TVRAmeQTKe1XXmps9VVzuE8tR28jLgVVRBAC,02/04/2013
14,45,16,0,4,TMBMu yG3C2FF7R7QJw52I5A80tU3552kYEqQtFDr4endcxJAMky7r5YC3GQ,16/09/2020
13,80,6,0,2,c1e02A3lapFBBZvsOY7yaVvS5xu6Q6TtRR6WgRElpKhtQCTu8KMqBDHPj6zu,14/09/2022
13,88,1,1,1,xo9WM9nCdzx4l2T6QGErNfroLDRHnw3Zb3Bx3XanWJQudlZ6IaTAWA3daNz9,19/07/2020
4,118,12,1,2,lOvgOZjBKS3GKOUvJb5CDy6Ypme5SViOMtlgHPucmg6Nq3eHlL2rUl6xObRc,18/02/2017
6,72,9,1,4,u56ziykFNtPdHGhT6WZOQsPgA8s1MOwGtZjv8z53QncfAnOjtPTU3O8HKfxS,08/06/2016
5,105,9,1,0,2Kon4kdOZa0gTNuf5X1jSvdMW4h4YvkshcAd0 7uy510GQ yqgXxnBvRAkY5,16/12/2015
18,82,11,0,4,AdpK0STCors7EqoDsj6bl3hLTDUPpzGV5WxW HsiSfTEVT3v46f7x951qEDM,26/04/2019
9,74,19,1,0,WSTVFOfyv4 tW5QE7nCVa8bSYnGEZBUiq9Wb9TgzoLzQ0eI52TEIJYvK4qYR,20/10/2021
1,17,17,0,4,P0imCHiO4kMowkDbu0e4J Xf SWpsJxkz5N5oWBJmJZCrJO9Lhimt1Ejy4kn,19/01/2017
19,101,11,0,2,j3vch6cXQ5k4DKgXfzEEBL9aj8ALd w2RrsTWIytnN6DU13pTXNmv3p ADBm,05/12/2022
5,89,16,0,4,Eu nnVaMcxWEs2fZZNed0pwwzoJ22EWiKVreyDtbStSyOuTp8rS7EOKwkUGy,24/01/2017
15,16,4,0,3,1BeKEe6lSYEaIXxR8BclE0R1NLGkafrAud 2LiZaHLMUhJCGK8LrZNkK47QP,17/02/2016
11,12,11,0,0,xgY26OJN6mRqd61hE5aCyfE1B7hq7nFnnCZ896xisdEAJGg0QmM7kZrMhvhU,02/10/2015
19,120,1,1,1,NdYJY9CLYeqipKZaQ7YckZuTjUhcSrRGDmKNift4PTY6I3qBFyzQZ1uMbib2,14/12/2019
4,41,5,1,0,Eh3XfDzKwYUHrFAV1AbMqAVZKtqQB1FuuciEvWglvRkhYVZCiDd83NihlSgi,06/03/2020
16,8,19,0,3,hNiI4FSFPsTWoUYyd8wuIXSeRdq8068OaBd7SyrMJVZMisHtSZ6HDrOWHAhG,26/10/2020
16,72,4,0,3,5AksA5y65ssKvOZJIMy1fgAFg SgRYn154JHb1ZjE273301yAuCqBeLVf9Wg,15/09/2017
4,53,18,1,0,tvL99yOOBUcmWBLUT5jnMqbcmH2jpADxLyLBLrAcQihDBLssP3ZH7f4dxrVm,13/06/2011
11,74,3,1,0,VYcnBd9910Ht9dBwaOIa4lKdCqhYaX9Iw4sHAsmamC1VvLu6pQJ QzVQEFZC,13/01/2016
20,59,6,1,3,9Tjnh0tjH3PoXx6cbdvUUaHrJt15JgxrMicudCNw1U9GHNaC5dJtSprHWAOF,13/05/2017
13,52,8,0,0,OSDuC0UiKZxXmDkERz4s dWyV7AYTqSR227sCq2Nv8OTRDhyKi ZWKBrUsEA,05/05/2018
13,48,3,1,2,ptnGZc4dXFYXEPQ1Qv3PGGM5H6Zx62gz388hnYDuxMiEn6FNuMjkOh3LrDgx,15/04/2015
12,113,4,1,4,xezTZCvfeNlBXUiJqhzbpd0a93iypOFyWnX5aERdEaasPBuR3f04RBN73wn0,05/10/2018
14,5,15,0,4,6dUJxfekjPjHovSOLRqHU3W70kC5u  fYQY0nmyIFyoL68NqiNJNmqnbk vj,05/07/2013
14,49,9,0,2,7AneRgOu5TT3kkcM72hRoKcVBCPyUiux5LypKCIpNYcCcDAbuPDbVNkJeUqL,09/02/2021
12,114,17,1,1,SuJKb LApnBGacc1KPw7RrNnMDWS2kjcFTLbjHKVQQ2ojPrk95BhZ 0mS6dy,24/01/2017
17,41,16,0,4,ajWUhXWeOzeMVM60PIqkdg DevoUoBJROS3EdhkmjyXTo GFawwHA9qoedVR,14/09/2015
12,46,5,1,2,0o8fHXjrpoNPqpzYWOs3rmMVlugaBWI02Gl5hDTfm mpqy7n0UFg9kXyXVLq,13/11/2010
12,30,3,0,1,ORu iSQJRtZBeqK6yJ8jL98GtTx46ETRMJJP9IFx06qz7V4BDRyUeUG73MOv,26/04/2016
14,39,20,0,0,rcDvLL68vBUJIlKGpXBa3lDpOCoAe3IK5QcVndrJFMeAGIUL6JEMM2Suv1nU,07/08/2017
10,54,6,0,0,wUmJFN3c0jzlzFe4Jqk5S8f1gg824woOmDx0TqyNpkeun5ZHR0wYxSSqRLLc,23/01/2022
12,77,8,1,3,njo4pEYFR6SOhA LE7P6kDQy9j9o7LajPdlvdrISAhP4dLLvWUkANBfWNvHH,13/10/2020
1,19,8,0,2,pdU3jCmuRSQYc0Lr9FrYLTfc5Q9bTW7Y5987t4C7rHHV km1Y3kvip0QtNOv,06/10/2020
18,105,16,1,0,xvCEouhaJ5oLgnJlqKMBYiOi9f 1JKbr7ocAjgioiyvbG73Z5OPd9M5BeXIu,15/07/2018
17,7,10,1,2,vTTNFbFd4hlQlaF2i7gu0t7yqBmfXhwN1tzGHo711my2IcQVeV6AoUEyzvm9,22/04/2014
10,12,2,0,3,IbuM0FZ6ctmzOSlGZuA9kqu0Zcs2GD4LRW40PcHPJNsqA5NVTJXQ5Gn8fn87,12/07/2013
12,23,13,0,0,JrXjcqEJ2CcS7xEdVlXnlSgMZgVgEwU6zzx22CMVfPZuSXPhoW547cl8Ykpi,05/05/2012
8,48,11,0,2,ZdNsDQuBX o85QkL7kJkdu7mspdkZvFLGv4yY HPjO056tfFHmtOAgXYgPnX,13/12/2017
5,12,7,0,2,on3ESJHZ4ZhHAvHhjoEXnp03tWpclLEZ q7JR9smr8c5jmcP161C8kowxWYD,12/01/2015
18,47,9,0,2,gwLTfvrPJNrFeTaE1rk4rEjkZDQXgoMNkD49AkS0WknajjFidgqEcjcDvOhE,09/04/2020
17,91,12,1,3,iu9UesQrm iVlYqnEa1hFhZQ PUNfh5x3WpXIUEMWKwlPCIqzy6ZS5nqv2yY,16/04/2010
5,60,2,1,4,Ns2wEaBNdvDvJ4qM6UftHryfY jWkPQsUsxFe8NqzL0mC2tGK2yxro2c7Jim,26/10/2019
18,31,8,1,4,16jtoL3ZG64w3WSHBcB94FuV9S5XUP7l4AijVkjATrqPCMUZQTpwvOYfPRmL,22/04/2015
12,11,14,0,1,FjYwIGZ7qEhLf7o9xxdq6KEZK0c42uZboafIHnytpLgCwCqBP7VnAy r1FCk,13/05/2014
19,15,15,0,4,hL67HUka8yD jXSWVIsSuy3v1IMLfG0YtPaMP4OtlqIVJoESeF82MzKFPJDA,05/09/2016
2,113,6,0,0,GSX6FWxGayPlvHL9fbKwsSNfZYQTmqFZInnmlhtqhoimbSwa2GF6JwmJRqSm,12/04/2014
8,54,15,0,4,M833ipksqAqsHjPs5dTGv4qnf1WziTDDKTRKI5y rw682QNoywS7DRnRZ3Tt,26/11/2018
20,66,7,1,0,6x7b2WVhLk YrJXcPVj5pNqnCnUJEpyzotLLZKQYm77 K aXC8TLUJKRtKMt,05/09/2014
3,60,12,1,2,POq2Oci9HA14o hiGVlrw8bCis 9MA6ITbxPfppXDmlPLtq3OL99cdb5BRHX,24/10/2014
15,52,19,1,1,6jS4OM6AmMx47pNwntNP jAoL9wwsbn3fF5KDg7pAMgN7 Y zrBqxaonbAEg,06/03/2014
9,119,18,1,4,cRTg6 uqiV69fD7aIfpLOirQ1Fh8xqop7hebgNU4XSySJjxXQdlXQ6UT5IUS,09/09/2019
16,88,5,0,1,eNuHuyIRVmYoUYIdA5qwlDegyv9VXWS12Yed q2gc42rlS0DlCv9gDs4MIxh,01/09/2011
11,9,14,1,4,tHGYFISQNf4FS9OeSI1gDWzdA4O5ee9STRbWXuo0ZRLSXBLZ5QiTFz2K6U5Z,28/12/2020
14,74,2,0,3,KQqnWkn7yP9rmPo9kIDMwVnJkOEKpXebuxPGFnf4 zfSf2BbpHt33 aXEBxQ,09/11/2018
4,96,17,1,3,BB7ipXWjQtlC30S3 PurKBuvCqO1SegrOC6zUaborUXQcwrT0zTkQ3NPllcn,18/03/2017
20,87,14,1,1,G3JJ66Gbo9nPdnBW4uIy7bPYUlUOkkbJ9g0 npyauHDAVJ815mNlCrul0Qub,19/09/2019
11,40,19,1,0,TYWXg9B0uRejN5XwXVw7oV tWZzfCn QT2asKCUOOabx3j29mmvKLR1E73Hv,08/06/2016
4,81,13,1,2,vL3BoYOHBdgV oQSbQrFT1RrrlBjJrZSlP8VtlVsNwIseCRfx5OX0JdZTHFm,17/03/2020
1,37,19,0,0,t6vnrHg  MQzsIAJ3biwqRISMXvHffWAsmy2mUBMGgc4LmDsDqwWhBP8w1HW,03/04/2013
14,82,9,1,2,0eRIY4AdbaTZMuUfzkX4wR9FXAjFEddHBDBt96VJVUPe9axdKnKPbInpXkS7,11/03/2012
13,48,4,1,0,h03OFnluWnPR7yPqhmugPmbBBn0X3VsK28jFCyWbCkEQ8GsdovO7RPNKYJJ2,01/10/2019
9,22,10,1,4,xJiq6slYEKU7YiBq47 Wo wGCgD3Cb7VfaIjTcFFwoFqjrQ1f41OovD3qXR9,05/05/2022
8,110,6,1,4,u8KfFTvMJk4syk7CMsPc5E5Hwm6BVZaOjRR5l5Rr3HDMXQXH0Pi0AmQ0QWeI,04/01/2018
3,31,14,0,4,KZVeS9kKSog CgfKJiJedemrhdnOF8NM0fkz1XgRqu3BOcM2XCd1ZsSiAkFr,17/04/2010
5,42,16,0,4,stnAign9lN1ILCmUJCSuWeBkOHv2lDOcptUHidXP4U9Ip8RShB3hy id Rix,01/05/2014
19,104,9,1,1,mZnjulxPQouXonP9Z964YN 6zkMN2 7JhQtM8V82cm2mHncs6J1DhtbPXrln,09/12/2016
15,53,11,0,4,9GrapA1bQezW5CznmUMBMmiVQAEv0AJFkXLbWHJlEkmfRljZ lYGzABHUD0x,21/12/2013
5,117,5,0,0,kYojTD7TXEo4gVOWp5ctX7m0qTm195l Bmd33F9MyxO472tif7W5SJNLOFQz,02/05/2012
9,106,17,0,3,gmWlhr4xqqaNi3hOarZxHpIfry9r6ZsdrFlRf2eFgO8BYMqlW51OXBfgRgNB,28/09/2018
10,4,8,0,3,2Gwj3dPXd6yvJycgw8bEGR9fEpe4MnfCtsmwnPKdhfDxtGJImJBbBM0lzlif,27/10/2012
10,49,15,0,4,mTynmTUQVKWaLZJnHA1gd021nglxvhMgKjwEtTsxcH4ddRPUuryjoRUG9LVq,10/01/2017
4,23,10,0,2,2bJt7Y0pUErGh8L21uw9KTRn3yver6NvPi1PvZ9jv7CmR87vudsmjvUmasZu,26/12/2010
16,75,5,1,4,yuD3iDRrAmrHBc72FfvIbucx jcbeTDt6wG35RhDCw3AZFQgGHFTSyfKEl4x,16/01/2014
15,68,19,1,3,7cbLGsO9o2qm5HcStNxBG5mfnO8noZGRWUu321ISp2kFOcnV8j7frI69BcPi,11/12/2020
6,14,6,1,2,5CKmPlwRKq6Zbp5XKn1zG6ttg3Z1vxTv6jDTa5Gr5tzSNh5UK98SH03cqtdT,05/01/2014
12,41,14,1,3,oCAKyFrsFgkRKM9bC0XJjCCr 8Sd5WpZINfS2LvJq870gVxJJz2AmJtmglBn,24/03/2018
13,77,4,0,1,z3QI1pYpolUm0ltF4KYdIoMLsdNC88yUzZrzr7FubQU maU4r6eYEvGGPjRD,11/04/2015
12,6,14,0,4,4SXPJgcz2o356Qo3hWddb49bWTsVydUHHw5OskpnnQYgebxqSCo48xIVIwoL,23/10/2015
17,59,15,0,4,mF3wZQW YPBKePQ6DLx7y3wuPJsYZzqPqS8kerydeeIrNkt BuYyL37i oxj,23/08/2022
4,79,3,1,3,cx2x3BSDY8VKVoFpirlzOnmSubWjxzCgUmJO2k0MKIgXSrm1yRd04bS1jPGd,14/07/2020
17,70,4,0,1,6WjobceCHoVfVZQxKmaH9DtQDj2uZiw0DUcyDJTNAE dSFOfVXjHaONmf8m5,02/05/2019
13,89,8,1,0,7VHzheACm0pH21izcjzDs4uAXOhbjWnjzjuCjeggvjYvk2FwNdzsQCpNtdka,27/03/2014
3,92,2,1,4,X61EaPlF7pZI l8bUeI64 P7IziW0i1EGShO9QonO726lgdV7EJuLKbVuby ,03/11/2016
14,61,10,0,3,vSODTyK26Xw3CKOwcpDmqyS9lzKS0LqEYkysVQrBN0TZWG0KiJS7X6ngQ5iP,15/11/2014
8,16,2,0,2,WE glgrGS U3T4pi9UA5bgZRI3MySc9IpDuCAMiQGMh8I5sDAwjzTz2306 U,05/02/2012
1,40,14,1,2,9kbXUZCM9EX8T1I2k6DpTR2Y2fawoDibaq1xQ4CD7COqQ9bezydr7m IZMZk,25/08/2022
19,97,17,1,2, mDrRxV2ciBHQC5KSLumahtmsGJhmZXMilwP D3Ef0nJnoex5Sv2D4ps7oTO,04/02/2019
17,83,20,0,4,nL CWlRGCTnwaYuMUMGGtmKobIa3rDNrj2s7Gh4Qnup57GRrKnh9n3Q3vxxc,11/08/2022
15,6,18,0,3,8G zSZrbIoRWnBZFOibzPzTAqWmX5GHrqAN5ZqOcm2rsK7HadFU4F2XVtgAk,07/03/2010
18,93,13,1,0,x4og2110fsPRFc74c2zyY21erJyqTP0AFdysWpV9CjRmkLKlUaCrF3lNfTaC,26/10/2020
20,102,7,1,2,7hDBEbLzlo9133HtEjx29XgWZ8Ek9LZWjV6HszlGg3cpiNa55VnhvLKs89 G,13/12/2022
12,85,12,1,0,0wdKPaYlhTwVyzo9 DuJITrmg0ankWZQtHQDtgXIpViFHcWhn1EOcFZG98GU,21/04/2021
17,53,17,0,4, fVixKQq0gpGl280O8LV7B4yCUcKnOS7O7rx0vP6Iiwcr1inPXcZyY4JDjVP,14/11/2018
17,115,15,1,3,T8Hj4iH150C84RPJuX8aYp7EDKFjionrXY GUkczXkX2A sSg14h8 hz 0Pe,17/03/2022
9,112,20,0,4,qnQd6J8ajMhf5zl9 j3KDmK3le4LL JBqzDuJbblpPVDVfvSNBG8qGI1iTRD,02/12/2014
2,23,6,0,0,imT rBpL9pwPMQZj0 7XPCTd19KMeXmx1jvXB01FlC0wxkbqzcCUWaOphJP4,21/05/2014
18,25,8,1,4,1ZQshv5G0BClSzt1qsIPkimOcAEutiin3siEdE IcriJ tjH1AJwnqHr87 n,11/05/2022
13,71,14,1,4,l18PMBVX983rUbwJdooFbKkOXDndzx9j1OiWHMmsdxCn 14aIm2NJCXLcoho,15/07/2016
9,24,13,1,4,enpqB6NStKVtAsZDIeHg4GsXre7 yLMjBUo2OqqWl4RziuvDSobczMpsdMuZ,28/09/2014
2,93,5,0,3,i7kCpDYO5r1FUPNb5wKUsj8HFrWDf7Fo740aGKkwohhVEjhbgznbfQz5e8Q9,10/10/2017
5,9,9,0,3,sChputuZsgvxsloyntGXYsPQtyg2eX3oeeyeLt9HrXt3SBzE10avA4bz5Tbo,24/11/2021
19,6,7,1,0,7rMnbKdJkoHUlirz6Rujz5O7kVt9KJc3XkfsBNOXV5DUeoHkyUAJUJvuI6PO,15/06/2012
3,83,4,1,1,eCfDxXaQZhmZBBoBSRPPROylu7mI4mWf54CYtAG9jMW1i3gvpgLdCHKwt6e3,01/01/2016
9,33,15,1,0,hZKJWGwjuLZ891fBoRtTYl47NjDyavMpgvoR3Wvs3p0zqf8ULreXL 8oQLSJ,05/05/2011
16,85,15,0,1,PuvTuvxW7npyw3nv4GJZAp1V2g604kwVtIRX3zcrK9tsuXqocadU5xfO5MFx,11/08/2019
17,66,8,1,3,LrirQufUZw4kcNC46 12abJ9SB3cqtA1RnJoBLdDRp0NVUyukRinKyqv6a4J,03/05/2020
18,71,16,1,0,4WwibwWlAylBwATmDJNvrx38dcHnxAK9R82sv E eBdb3csHabpU4eKFd2Us,18/08/2014
17,85,4,1,2,Lu2ZyYQhCD9jDiz4whlF4HAaonBatGedykgLcVtVnvdyw2ByA8xFqvtKANP ,27/05/2015
17,64,3,1,1,ZsGqEaJ31iiLB8uir7HknftkNK2eiVmFjyu9E7MNMkutOWIx IqcJ 3jjF7a,01/01/2020
14,100,16,0,4,MqgcwAVpBMq97sGXplsYoWBLYUD6k9lF6XOcDJj6wlDPI5tyzken3lzxUcmj,25/03/2019
20,82,9,0,1,xvO5QkUVnKBD4Yn2lk8JJY2F5AHM7COa0ciHvQlP8LVer8huMOlPBxJJpiF7,01/03/2014
19,35,14,0,1,TgaXMTfgIi Tgwl1tfYASvUyHa6LZtW9rxgEcncm674WjfbJ1A5rWzCaeuIM,09/12/2010
16,116,17,1,4,teYqS2TDzT X65p0BrOy83gTDEnNX570LcZJcaJ0jnAwiar5ocJaQVTAaH4 ,23/06/2011
1,17,8,0,4,gB8mUqrCBdDXB7LIGHwxliISYObddZ7s1kwr8GAm8feUL ztBkJeStnfJUN6,02/08/2017
17,32,17,1,2,thvuvsIo3NTglYtH UPXGNjp9rBNPRz3 AWLxgua3EAxZcVgcMidiqElR13D,21/08/2021
9,79,17,0,3,CwgE4fDMUwsIUBUCAvhoGBep8bm7zrNrjQffzFhTkkt25lpZJ5fzjw3RSIuL,23/10/2016
7,37,4,0,2,Xu6V1ncoPpfO862W4LluTzmWVdvJqID1SvfYri7MCPwLJPyPQL9K2 Fa9fTz,27/11/2013
5,112,17,0,0,0 aojsbnjSa 4qvzrkV BCkyy1PCLLmRjovlkyvdrG2WalZUmLRabthLQ9W9,20/05/2013
17,50,7,0,2,Ak0T8QYosDfKV1P kzgceBkBHcea1yMX64MQ3LtFTciOwNVeuXtkelfTWzwb,19/07/2021
12,82,12,0,1,KXB1ySqo2 wsl9woIu3E28XvHqKrFS6HzB3J7JWl kIr 1hM1zzofMpPd5Xd,21/06/2020
18,1,18,1,1,Mwa DaoGb5c2SNnkk7cBeMX4LxYkAMJAclos6xUO6HrpvsyrXA07CwKdfUCl,01/05/2020
14,80,10,0,0, 8oTBDns5ausexxVaIthrbdc64tuVMe4CMJsgzp0GjtPgxwSxXO04u9iFkcU,21/05/2010
1,110,20,0,4,2uWDB4SQqr3c1cdg2yhOVTzp4Dlzawt upHFLDvgN1JtfdVqrlQPskLm7hCN,14/07/2018
4,5,7,0,4,Lcp9aReOZ0ebLdTrJY58kG4UJ3NgmyPoxrktXc7rRcbIf2C5XsEIB93y0jyl,26/10/2020
17,46,8,0,4,2WewDM9fmYcDV23OjBKylaHmDxGCv5Map1RyAAYg5EUFOndw59dEeioD8ni8,23/10/2015
13,23,11,0,4,Q5DRdTZzvFwIJPesXEHdRMg9 f7uO1bGAOhcH j5PaYMXPNOz8p6tDVcxbpW,14/10/2021
16,104,14,1,4,aNkyP4ywYEczRM9jepDKBVjxTJk6t DfFTMNLPMI0U0ddnlJVMvWVQwQHEQh,04/12/2019
18,9,14,0,1,A6cXxYRhuy117nkb5VlvEDfqaLdpsAE7gldOR1ClA3loIPYLXr1iomoicyYF,28/12/2017
14,116,4,0,0,Ho3uEBPit4zrvlBscDCpqzRGRPTOjkBJQDZvFqQd4YzR72Db Td1kFrIuRiA,27/11/2021
6,26,10,1,2,ml8wE0TGqftQrHJ4kB33t3g18qZVZl6JGZcS v8Fvbr7amIW22DT0vpR9vd8,09/01/2010
18,27,3,1,3,8IBrZckWT7dtoJXb9eowpNMO1BMkSDov23zUDLFAwJbCjfAxOYMuU2II3que,09/07/2021
8,112,1,0,1,3v3EV4cx2IYPtWCCorW7AtHbYShBgYLYYhase8HdGk8Hu2do4Bq60ZvvFROs,21/02/2018
5,39,1,0,3,NjubNQISyQGxahlcO5QN4S4heLqpvwby7jKeDJQ1nsqOOfYg MnWZRZl6i k,13/05/2016
12,52,10,0,3,i8NZ1YLiqYpUKTVbBD6luEg6aotCs4L6FEZ6PMPy57R6hI4f21paNNMadsdX,28/04/2010
8,111,19,0,0,IfxCzaZTZbjtLtxCKHR6KSp0E1MaLAg8sUti1 shmfprSZokMPViYTmQgdCR,13/10/2018
10,86,4,1,0,RDdHRM60gVwwywpo6f vRevW5o1bvtXsgfRAElb3AdgjqujLtbMjyD Vv3Nw,27/06/2019
14,8,5,1,2,FrW81ctJdURrDKrfn4JzO7bXnx tRN9FYDgWdF3Lpr8sTh7n6AOB9na0BbzF,22/06/2011
4,81,2,1,4, aFWBsWKCCyXJK8C5NTlPw8RlKhfzFvJeoup7Pk4fsodNAhOC4OMEsrpixrg,16/11/2019
2,10,8,1,3,eyUH5dEn3RI0sAY9LRJ Vs4n5zUjHv4xKYJeHSkvrjqRDYZi8Xy wttGbvxZ,11/07/2021
16,14,15,0,0,gUA 15j2jvXAJu0gPwnHp7xtFsf3WuqBXz0igT6jG0qDTz3vI AtMFq6zMnT,06/03/2012
4,17,18,1,3,LgYo 3Wt GD43dWAfMxL0e X0dkNmbjWHrKwr7OJNNWV2UrFVjW2iOsSRl8D,25/04/2020
1,70,10,0,0,nCOgwek4h2kof8dg3d0zpGIUu m8abkgyCNqtjgbAOqU0vEj5o1h9H RQbRM,09/09/2017
7,45,12,0,2,20bvVVDjQBf1iL5A0H4ycQEbgA05o0Y3TNh46xY U1B2T0oZhnifbMJ IV1M,03/06/2011
9,64,12,1,1,8iTaf36526tuZ61qLhsKHbQrelbxGWBOU5zj0O5And5spijFwX wcNqRUakL,08/11/2018
17,16,11,0,0,euFzaJpcOWgszL7C3X0694i7n6CMkIFi JG3TNlaNn xfVKBUslTKHUW3MqT,24/06/2011
10,50,16,1,1,Ddi1WaEOyTUgrz VvprEc5fM6TfGJle6YmfPGB dnGfkIqMItjUoq2ilSgSj,05/06/2020
10,71,18,1,0,QoX93szzWM6Isr6cxCbxkw 29RL SvtII Ug1NppRW8CRjqK48zRc JmEVqI,11/05/2018
4,69,3,1,3,au9kb41V7mkHGR5TYH2YhArSLAKMUwAVvqB2NtIN8pQ0KPvH1B4QqVSmWDmG,23/08/2014
10,51,11,0,1,bFCmGJjxnChDmvV6fsc8sPqdPm0BYxensQxmB6E7sfEZmM19oagt5ql1OkkR,16/06/2010
16,6,8,1,0,VAhQ9WBOtafvBqdQ0Q62aj Ykv0rIoaTQlwTpAYpQTKd4wMQUkCsXB9SdW x,14/08/2011
1,66,16,1,2,1vp9OrUHUt4cySlIAN4PFUqzHKo9hL18jRQpbLelSi3HjDsi3u9Qnozb2WYZ,05/09/2020
15,25,10,1,2,jk7FCgbhl6BSyXsPsLvvkCFafm9mk6F3do9I9i8SeSJbq5eAg6tWYfeccrzq,16/06/2021
18,93,16,0,3,BLCe4imDn1MFaDpp2gbbyePn5EZOkAyLX5PcjMJc6aCAHLcpzsAn8MvEqYxF,13/11/2014
20,81,18,0,3,LFuc9PH1ei3nOADWMqpDoptSCYk0teRx1FaZRb39DQ5cr TYoKsZddo16OKe,02/01/2011
20,101,16,0,3,AOOrXMIPI0NYtLMtmvWFtlvkwZSmxSTcZhfpil8E UL8iCa4MPZgXb3Xa4jM,04/02/2011
9,23,9,0,3,l689m5uQ4PP2Lcn797jw11fFmaPyoJNQmuAr XV8c4I5v TKmvFZMefSWwZJ,24/01/2021
15,21,20,0,4,D5Gyw0dCUx5chkf9vwNUBPB4dt99PHax4uq0OxpNcT4Il0toZ8pYEYYglN7X,03/11/2018
5,81,7,1,3,yinGw14cBWS7hQTk3R7nxT4n63MWbkXpMeW44XwM8b1P0COwSLJGumVYv9oo,12/09/2021
7,111,15,0,0,4ZlVFDoR6xqbM4NwVlr6gT 8hi0gZR1dwHYFndBXDcpr5acT8631sLEOmpuV,21/11/2010
19,39,18,1,1,KoMNBSUi7WSwl4jMYsnCwCTWXu6IPZcPjk6uwTSRZCVjuf3NrJFOLOIibW7B,22/03/2018
11,6,1,0,1,WApKidhjkSfvN79tvqE5rK7XUJBASmOCxBvaZK62xcYbbLs8y5cIg6st6eca,15/09/2016
6,10,1,1,1,Cj8HdQiSRy70bJBPMEMJVa5f3afcJHO3Vlvo1OEKTwz4aHt8ygdweVtXqvKv,25/12/2019
13,85,6,1,3,7RCxV219x11sPicrv71xXwaQZx48nblCm4x 0D1YDJR6JZe UNHuYO78HR67,05/05/2018
7,93,15,0,2,2pe8wqferBBznUe9U3iYWkshHA20M18WK9wocyHqlmjSj5nNkEpY 63z qUD,11/01/2017
1,67,19,1,2,eaPDHJWpeIyjtrbF7NP Sx0HW67TAYvH0tpvn3xGYHHVriXEUwXqasTF b7X,05/07/2022
20,55,19,1,4,piRhfP8hEIylcmj bgZxnJy3nE1aBbEJ5dFK6nHklAhHADMjrTrpp8 BIqnb,12/06/2017
3,104,16,0,3,nZt6U2vaKSj6aTeANdjKUEDvEwwIEEi56oDn8SLkVPtjH6xImwrLe88AihdG,27/07/2010
7,2,10,1,1,oTRVYRXqSinStKkXa4Ro8SO9brg51v6yHLcKfg2oca66pDN6nJrCiz8mlfz0,19/07/2010
9,54,5,0,2,zPXNfPSXLJgueeCehqyuKORYsDkfx30onVhJCWUI45GsTwCblTH4OqSwolBl,02/05/2013
13,111,4,0,2,9SOE4Koir9KLe5m6TFAFvPIvjdw4ejtfjztuXWQAzbGv6nRby7iP4cPQof0q,16/06/2015
6,46,4,1,1,he4iZwJTVB3klJky4fk8VwaIk1wiTliRG2LpV S7vNr9bdVr50MHXWV6qIWn,06/10/2022
18,15,4,0,0,A9apkgkJA2bcGeVEP88IF5393ZLJU8RaQOCsVhkcSxpX2WH2Qa0zwgJaif6y,12/02/2011
2,39,4,0,3,26SPj1UzGCxBmzSEHxSmvXgnD4t3Ssc198gmfJhsB0VPmlonRsjSqFLDSREq,03/02/2020
18,52,5,0,1,8TzLIIlB34CBFpdabh7M7W6JvwbWOgu72WEY8pIiEtn35GEZ16GFzq1Ec98d,09/02/2020
8,49,16,0,2,eiWUyLVwSkr XqPPIavVBAGxsArb3bPosEy9 lBPKKqtTqIeJb6f3  7g1bi,25/12/2018
8,48,9,1,0,OFH5eBEhjSj42VWEHFxmnSX5uCCnRVv63W1lEbjkdRZ03bdRI2qIfH5me7KT,13/06/2020
9,90,4,1,0,H8yyIINROteGGEjixHksuQp6VDKp1EoMJzvhGGrdiA52wE3quxA3D3euk7Os,17/10/2017
15,86,4,1,2,GQNC773cGVfCKmKi1Ue0cspHUqkb Oqg3SHnplAQbldamNoBnEhC3KL06c1x,23/10/2017
10,35,3,0,1,GBq3S 9FuzsaDqUwcIw7KlS5NaEOJvzLnrfBdZx28FydQUQuetimq7te95Tp,15/06/2010
9,60,15,0,0,PogBzAQlHV60p6LA8vU19MUTIY9lyfOjlqz2uyhs9CXa5AAbVThEg8S7Wa2G,08/02/2017
19,35,13,1,2,FanaEHpZI2WCUf3zZXP9tLXd2faNVPMNLAmYLF7zeJ5 1oCF07fte5Yo1Vwg,02/11/2021
17,54,13,0,0,CP8a7GCSvB3enBjVM2U8c9OvXR1xNGHUXeV9etHPE30KG4c0LFht7SFlBXTN,04/06/2020
1,63,7,0,3,jQMDs8O3ADmJTONzpMl7q cWQ2vzOM55KkODQCCOo4JEfcWuwLqDhDV8Vvxz,24/02/2020
17,83,6,1,0,TeKMJlAyJHSvodOXv XsSfYh7nZvDn7khG7HpW4osBg9KR EnPsqwbb5w5qA,13/06/2017
10,106,12,0,2,YPVK8iUyw9mzNy7ySP D72Zd6MUOm3IZQUHQIP9AY08SYsblyKyOgVx4Ss3q,19/09/2022
7,56,1,0,1,5OjkhUYOaktiqFJuMiwL1nMSQ5Uq2SgKxqb3KsSCNUQbmkedA8H7iP6zVmFc,26/11/2012
16,108,1,0,0,9LU1REYmeenhIetYMEKa3ZkBBpcidWrKbj16VAJ9XUG VjexT0I8wcLw8gA1,25/04/2011
8,21,5,0,3,uPDF0fCLdFnhi3QaRd55YFWhM cD3jsyUaaz8MhI3PFxLgU12gegLJXGWCLT,04/06/2020
14,90,8,0,1,VaapgbtgpbhdzZHEhKlJB5waesK  iJdMCwBYbdIJLIgN5nSyBkiDCjV6aYI,15/10/2021
5,46,7,0,3,PmHlkP019OYOmJkMp747trMV6eJI1YmgGquBnZWqwbw7eF0PhqXHpLDvv6vh,15/09/2022
7,50,7,0,3,ZWUkPCeCPfIx13g5XOOdUmW9JtI Q U8elEnFZ8M2TsPzHdn46 VWxiHws Q,14/05/2021
15,85,16,1,0,LmmmDsVLMEGaf6yS0uvSwgT4dj8 4hG09VlXfCzYBxBja4f2sEXnC5TcQw5f,25/05/2015
12,53,18,0,1,jF9dZ66FqaBLnqzNHy0JGSdUDwlh UKnUMnD9sP0OwX3d3ZKFptX7zyXk88q,21/09/2019
2,114,7,0,2,l524HxRn2y5WvjYhFsrM kv8ODE0LnWQTO7N8rBMXNfKSFbLC3nwWIs zit2,10/04/2021
7,5,2,1,4,MuzlaugjBG71iwXFOOwP9MuQOJwOVlVWEpt3qxkJHEw124vnfoBSSUooGYkU,22/08/2013
9,38,20,1,3,c1WP89ALDB LZmvazfxPACAg5l1qLC6YdCBhLmp03oPbzNW5rmAW2SFzBE6f,04/11/2019
17,103,7,1,1,abGHn5zNeEj4N2SQ4Ap5sXmX5UDDOYUNsUJoUu C6Ji5RyRvlserbTqAGnlM,19/05/2010
4,22,15,1,3,DrbGk3yjUUXrf9DqfKquIgUcTZBVpbOGYclN1HL3L5J vy9BjybigaSySOiM,18/07/2013
17,103,3,0,4,Ka4ea4HHCeqv79czkVgqDumhoE8yKapnSIH7EJ8ftkPDOy8Bg79OTP0J1S9S,21/03/2019
9,113,4,0,1,gGoAR7B4744clnA65naFQkiENVidQO Inzi6 rRigABGSbDM3pYAsOOvpWrd,17/10/2016
13,9,8,0,0,yqkZ0vUoobHrgGv2aoyinj8EsUQDDVHXERq bBGqaa4ZBh5y JshFupHbpB ,14/02/2013
16,114,1,0,4,gIulPauy6FPEvAlIshot3j2MJgIefwq TXqzXP8bGVMP AxPiQR7rVrP27m1,25/09/2016
17,81,8,1,3,28ncndQ5Y5cZ5ZqHMYVBt6bzbrgKq75GEbGrzEmKCs4m0xnAZKfHovRBfIxV,20/10/2013
4,51,8,1,3,b22BDJanBiz6HMJLQtO5VHidwSzx1vogXZAn6C7lx7L Syi4eNzaseJA1iHv,25/02/2012
16,3,18,0,0,iPabtObnJrtTdFqbQDO ByvJi8AZIII222z5o lTNSIDx2iBwRXx36hiHRKY,28/11/2015
1,3,15,0,1,IJiZTcCJ9VJe9LmJW8SnuohcwwekmHKKWeCMNO4Wn6uim7N2U07HgCKkdrbE,24/01/2016
6,119,13,0,0,f9Eukc1H4zHs61QHXxBvKJnw9NQxcelyU1XCr ysUkOTjyeUP avK82q47ga,10/06/2020
12,47,4,0,1,g2ftYesyEN9wOUjmkSxL5i0brVVclnVhwSMRG2x8ZL8HDjQdYv pKTuo j2N,10/10/2019
18,47,18,0,2,BQ74gMGyxpmdlINzlThmdbJ1EF7HwxJpL0HXecAqYnia3S1 NqTYY9adxtxA,25/04/2018
20,61,10,1,4,R21it5jkusaz1zqlpw54sGrXxXlGOFYSlf1kWqn6F8gIhWIq4lyik1HdLoVO,16/10/2020
3,46,9,1,2,svtTpv2NNwqfscIH9xPq7UOzkzqmpGnmEkfqunmDDIw 1hbhMUVqnPXe8zXA,27/02/2011
10,21,19,0,2,WfRQEIfftrqsJjKvctgkYlBqpYA9XzPdGxfJ2gqsSQBsNfROt7P HemM5KLu,21/04/2010
17,13,16,0,0,mBANGcMIYZn993Vj9Y2rS8UrCno kEaxNloqIjDAiN1uN6X AXmXsuR2u9HD,25/05/2014
16,44,6,0,0,78uAaP5IQODxw5pSXdmLfD1sYpJtmeemGrUSSJoU7xhh5psmkDqJuJn eTft,07/04/2010
19,33,15,1,4,OXZphvS5KaKfrSyQXL3nv54i5p1YbbAHmEpE7Hjq7q98SbxPprIWEuexdI86,17/08/2016
11,65,17,0,1,3smG6d5YOC00cN1U8Th5H7eB0NakK9pL83KxZAU3CTbekZmL mNR33Qntncg,17/08/2010
1,23,4,1,2,yvc n1QT1xjZCSEG HIFq57xh5ERw9DAqrC7D8RJzWggPIH0f4gzJKDxCXGg,10/08/2018
18,49,7,0,0,DPx 0H726ugfnf0KdvzP9 sh HQKQK8YdkYT18AQnx9GUy2cqslYqItq2b3M,22/03/2022
10,92,4,0,0,JSK8LcMO qjkD2AMbubn1gl2pJHxDnuLztD 8F7TkQl24rBzk63YVhYfrHT7,03/06/2015
15,38,11,1,3,Rle72SWRbF6rpWYytLFg2Sg7QqI7sZAGdHvmtfW1NDdXo9NOAH3LCs1PaHtU,05/05/2011
20,2,16,1,1,nPgEW2c1LSCyIbKKRXsAeyOP5nW0GhVSqBNc PpWGQk 6DlgIaNniLo07RGR,18/06/2012
20,74,16,0,2,f3kDEnVmudKAUzox72dZCXR24qrEYaPXQ6zEBL2mYAxlbeqNyJpDDegqWb4t,27/07/2019
10,92,12,1,2,7rNqujZjd1ETZy64qp8hJMvIFZdFF8cIb 2tPC06JCt1MfbCQeoZn4bx rRd,12/06/2013
16,39,9,1,0, tSjYGVsJGbicAJAYWhtytUEaK9Ok5M0Pog0oWH3V1URt8qN9HQ k2cHca2A,18/08/2017
5,89,18,0,2,s7FmOy6pGIAWJ40LfmUUdKG41dhHqTgvAZFUPvDXRczPgf8Oq2gQ5dwEsNLN,27/07/2016
14,25,12,1,0,Sgh39eg W3s2ywkp7HnQtDHgkMBocB1uKKJ3t02LRKD0Md8GAd jePQoHA0l,24/07/2019
1,102,2,1,2,Bi0TgUPb840lFBh8y9XD5cJEzhxDbzCCOjfReI19hl4NmteWZnjjyG4Qay7F,07/05/2014
15,26,14,0,0,tb5vVHCXCtZgjfrWxpaQZKq5bXURp4QP0g33tvwBufYbyu0D8E1ogJHtss4T,17/01/2020
16,116,19,0,1,ZpmCh3EpMohsIfS7U9Bw9jePqvt57W8cB2ztuYGuuReCBvIKLeadWrx8or5y,10/03/2015
7,70,5,1,2,ttTTEXkWM4cPrXNs2KMG CfbTX8ueBUarelqxJFMZwLoMlkuQ7pG udLrGkS,19/08/2016
2,53,5,1,3,7Ahd2i5Y7zEK BGLlX8M77uz7wT59Hsvn9RYnCsOWO8rGyG6HKeVi9dX8m 6,12/12/2016
3,69,19,1,3,ep7eK9T9U2HlW29us4OiiJyxfmHMD5mC1r h6PVBFm ZJIyGy60bsBuBetvK,19/07/2022
11,13,14,1,2,Z3FFK0EuckNltYuDKckwDIuTRYTR9WLKLzN9W UYwS3rM5x9qth9rb9U7kP3,18/09/2010
15,60,2,1,0,s1wNls2DtqfdOLIGdP3zb767boLG90LFT6mkzuUGcQvExiX64z5 fwmaGnVr,11/09/2014
15,73,15,1,3,l9w8nPRabzIy5Q8kC1vuev2pYRrZbd8GIVRIdhOeUbgtYb0Fl1gADW4SR8yu,25/01/2013
8,16,13,1,2,AJQDrIt89SyD nWvAt6xbXVl PNhw2AOvhw2wrnGSX8yGeaSZWGOtEi6U ZN,24/04/2011
6,46,20,1,3,kEBIJOcz6HHzKcyYoO7q4OMZmSdzRWpN5W75eRN2Q7DQyM0OpYnFgFSCJi0C,14/10/2018
1,91,17,0,1,znuJZumTnPnYU xLuk7lzYq3BXg2H5cxpeSWLDXfmdN45NwGK6EAvRh3wYGG,01/03/2017
5,32,12,0,2,LLVxYTzIwOhMzZMPaRT8G6s2zGxpBlnFoR2KyaHTuNpXIvrIvKPKtyMYM9ue,25/06/2013
2,31,11,1,1,6hU3yMWtsGaGO Dcj4VtlQsexS429iI KzJEGGsQdrvcu7NTtkjwF2dxrtbh,27/11/2013
10,14,14,0,0,H8XvAhQbKNkcIZU8Euswm ycaSccvj4IWZL3q5PvYvjfko5hV496Fq ITY6I,02/08/2013
18,7,13,1,0,SACs9paTdrtZRUivLKuyGpXdS5u7Ij72mu52lCBb7X9PiLHDNfWfM3ijJgpL,07/12/2020
8,29,18,0,2,G8feXgAesLNuT4LWDqeYGzRpfkAhSKmoiAWAm8Cl6eIX fWrJBp6gQg7r7Vf,10/08/2020
12,60,13,1,2,kWb2FZ sKUT38nHQ1LncFTOjG1utpW9F2NfByWq4010AwSAA99YhKZMgC9QP,07/03/2011
15,40,1,0,2,KQtkqagKgHH6OZf9XpOH dxe 4 P6CXkyzdSDyJGkwrf6iPuesHcCctPvfXN,20/06/2014
1,42,13,1,0,Jvy7buEeYBweUj8waiF57CEomSE5ldGCoHC7jG0eysDbZ5lF9utcsQ0jswcT,01/04/2014
8,2,20,1,4,GHYpuXBpJ8ZgeCAueb3i7lQICFQ7EoQPo9kbNC 5dwG3jcqjkdpbw4lt0NLD,03/08/2012
12,2,14,1,0,ZN9Mcy o0mywmeh45tjnMIQ9KKa4DO87dr3ez5CLV ZPcU3b AHOMyLRT7TM,08/06/2022
2,1,2,1,2,c6tKUwvXoySpbFY0w3BFsR8w0fQlipTIDbienVUdodKjGVffClZA uP2Yn8Q,22/06/2010
5,37,13,1,4,grvkPLEVBhZjBhZiMqR8S0wNbTrPlRXecMl1SC4AT7kJHJmTls nY grwvNz,17/07/2021
10,59,3,1,4,m3bWU7P9biTBpJHUUNHOzadhirL1k0eip0UMqQkhb0nfj1e7IwjtkkrgePcr,01/02/2019
14,41,13,1,2,5rixpWDtFRZSVKbE5RrhGd1KgTPzdtFEZ9PMhXjLAw9pJK9g Z3mNOWEDAqF,28/01/2016
16,16,16,1,1,msgkqt3MwyqvEYr06obRFi5zghNJPe2E3H6aTawDXZaI8v0m5BT6p1PjP3cF,22/07/2019
5,103,17,1,1,huOZtRl6PZCp5Ni7oj4ItSPaZ97CvtTV4ndIGpwbIZO7t8WW6eaBKADiiqVB,03/07/2014
16,109,7,0,0,dl vtYpvIllwsYiyFRtcf9K4F6X xFZv7ZZKL2RK3Us2eKBA8gtsVZPxblqm,09/06/2022
15,45,14,0,4,KGIfCzm9j7zJDoTObKxonPoyo3apPNt6NXf3qz1o3a8aUHecTLtJBApJTfzK,17/11/2022
12,104,6,0,2,bQZ WqPYOvcJOX6uXRS54BX1eekRPiNZuehlcRKutlqx7Golw6ysgL67iOzC,04/01/2014
16,85,7,1,1,6FKj Mdz66 Kkvm8sr1gyeh1V75viyYlDsR39P0fMTi8jxjj7g24TLVwnEfs,16/03/2021
6,116,9,1,0,AiT2pCyZ81tN8smtEgr8 aobfW9DB0j4oXVcximv0gKiQwamWvxrUjrk2jkJ,27/11/2018
19,18,17,0,2,mcyR UZ 7rGyxouuysnfzbo5wXlUjFhV HJUkL05gD7Cv7GLfoEA7tDIq70u,18/12/2010
13,3,13,0,2,WtJHPJ1e68r3J3FuJklaVe5pbOdn7ld6iuxlwXhHTJiPwqCoMNFqAX5DMnDR,11/10/2011
5,91,6,1,2,GWZqe2wIoXtHNgIFARKNMqEuazDC8wzAfFFRIhlcPe16waW3o6Pqwnw6xN79,10/12/2021
12,65,13,0,4,iBh6ZFaqlV8OykHV5f1vW0tjiS4cQncAW6opDsdrQYNJGjK IME6vAKc13Y8,23/08/2012
5,29,4,0,0,r8LY0GDWntDMN5i6dnjgyrEvNssy0DnqJ6i5zyPnN3cXJT4eA2tkUejgHDdy,08/12/2019
4,91,15,0,2,HJaLZ BnhjgR2U7Q9fVdSGmNBjgtN21vVBxml9Rlwf7TV8KK4iv17XGXeO1H,08/12/2022
13,85,5,0,4,EEOslEnO1IO99JSBRs7iMqhbDm62YQ6nndrGzmukfPVSqMg7BVi ExvA8IFf,07/12/2010
14,84,1,1,3,si0xQHZbXr59fq0oBcidDm3FXzu8kjnShDbdjAxEuYKK0722U46Kknk1obDc,28/02/2016
4,109,14,1,0,yy yeZ8evoGTyLETSc9Lo8sKmp9 bVB7nTgqnkD6jay0McL9EUPFUruJCylE,10/06/2013
5,96,13,1,0,WUkRLjyqQxTGlMhGVHijhOCEQPVzBpbu5brcjKHVN0VZJuf0sqwtfJU8BINj,07/02/2014
9,43,11,1,1,k5v7YEvwW0TBOMKr2BmbO5AxQRRJMhAgwGoFPF bjxYJ3lJXhzB5lLz93uUc,28/07/2012
2,108,12,1,1,ATEIPDFNljym0iq7JzETvlK6qZs2R39zOmsboI2GjWg5Ac2nta6A2saWn53j,06/06/2012
10,114,17,1,0,1om9fcTcuE3FzDkrb6g5HoX7S5v81FAZn67z3PndyCrf29wta3hfLWih4aUU,17/08/2011
19,73,4,0,2,TEcUXFhGRoeQWCNXC1q2hBT5XMgqE9gwWpFoJdPRSLDy 2T4MTiv1LYwVJCS,13/11/2011
1,81,18,0,1,ZdCMhKdhfPVjIPafbclFUhfk5KDbkaRXSdh6fbTtnyoedy dGekAETFD 4gA,15/03/2012
10,66,4,1,3,lOyDuvoCl0cSD3NSBRomJx4Ayoel2xPhMgclncELNeGXkdrJnDXidIgJz88C,13/12/2020
15,16,7,1,1,eqFHXXUNJ1 4HcqIJn5R7hsIlVENjUxCFiHmxHT1tGklOzCebM94XoZwFIfl,01/04/2018
13,17,12,1,1,oyQH9zYHt3WtDkg gbIQuVdY8Eq98RWEDojPs2MkObPdXQO8ENm034l3cADU,14/02/2018
16,112,17,0,3,ua1j04X3dWd56ilRbtQcwE8YBVcJb JDVdLS7gTyUf6LdYwK2BZQIF115vmy,07/03/2015
4,32,12,0,2,1stfB30q8NQtmcwAiSHAXW2npFpK0mCVxa0P8zbWbXVFWkzRwjFYsSpIOzAO,05/04/2014
6,18,1,1,0,94c0UdqxreyGKY0lNWCjZ75MR32bIP3FExK2l0TY hY1p8tgonLTyiHnhCwS,03/09/2019
12,59,20,1,2,emplBsfIFnoT63Q7Pl4aCDv1UsMtdr1bcW4wsbjukxrUE7ZXCayNdZuSyqlC,08/10/2022
6,46,5,0,3,UuFvO6vRgVM9YYR1X7IriBKL5p8WaXnLF9jMG29stwAeVGSuSyCe3 D8tfEh,16/07/2014
14,101,11,0,4,rKPeno bfdTf0zIC81VUF41ybNQR5Sq2QnYJ orhCuv V 520eV0xDwT28K7,03/07/2018
20,11,12,0,1,Gt EF4btz5n8fkqbiNBvqEeZy6MnyN3IBjn MlpC3EP23vP1IkSjssoJdEt4,26/05/2012
14,5,17,0,3,EQLrLHpopNhcmIEenxecWyWp5pNcBBNR9xfLuajQ7aErgnhtXOx1lPeb3wI6,20/06/2012
13,108,9,0,1,Uqz2EIfqPisu7JQc3d3epN9C29r6Zjq1PWpTC7Tv5WN9L7hB5DPXrZ2y5Bt8,17/02/2011
12,94,16,1,0,dsmTHWJpI3E6qPHqKTfqwynJxXFkD9umCJumFujkpwBJd33hWQgHperz5Ugx,11/05/2017
4,79,10,1,3,m21TRkpDGpBeHnygfE0jLQqUbSLls9i5h9O1je1S4fEIR39PBFNonMA9ZvXK,15/10/2019
10,54,19,1,0,y3n0amfrWkvKND6GTiKz9BKJ0SfmSHnGGwgOKzHCLrZrUcH6wL0N pnPFrPO,01/05/2016
12,80,9,0,1,L0f CdO8nIzve IgiLyOkv25J0EmuB7trGI89ot3YkYuU9Y7NhO4r6TwGKua,07/11/2020
19,83,14,1,2,e3CWxfyQ2YWYLqurScsuSOK3q 0OPquZt56rnxqtTJj9fdKmyZrMD6POF8Nl,03/04/2010
1,119,11,1,1,mljR8ZAcfew uP9NKe51ohzZ7VB7lK9ZSup5zJd4i9WjExSBg6q6KcETZP6j,14/12/2017
15,13,11,1,1,l1nbwd99oOO17zdrzYcmCC3h25BrUSgiF287 A17lJHRUssFj0mttMvSAwcE,06/11/2013
17,30,16,1,2,I7QOIlVYwaIy2JNGFSb SApmJn64eqyNkkwO4MFJf2GeDVFmTP2jcFB0Niy8,26/11/2015
2,83,19,1,1,KN6hnC95 KFf LsISyiIzWXOB3T9O2rvN4jmIzkC3rdn5ynHABvpa31gFWca,26/11/2011
18,107,5,0,1,AMxmY4yqPtWyphUOQ1L1sdg62Z245Ht1XHGoA3DF2GPtHX3VnMh01ZPrAQAQ,23/05/2015
8,78,9,0,3,TGarkck0rXbSBPPAr1tzyfhPGC uF6 CTZDOQUQ5KfC 2q2eLF8UVu7gEyDe,28/02/2015
8,87,14,1,0,tri2t9qDIPnlBmtVBtgZGDBwxof9N 4jKNuUourKNQczeHxf8Pj41kEv qwr,24/03/2018
8,47,4,1,4,tzHbezD9MBt8ja3XTaGdrSKcrE7cMW98uxtNhZz0ZYbejkl5fniKdt64OmKr,27/04/2017
18,81,7,1,1,ecA8zr3FRFpEXfD7C6G9GBpc JU8DMJU3W3pWOgFk TIsXDwiyNNzwRVPeX4,05/03/2015
11,57,13,0,0,kPnB9uZYoHXh0QSLtdSuCCaDkPu4ZbBLT86z5lXr KECpwoJRrb4MF8TmC3 ,09/04/2014
14,49,17,1,3,99llyWujnhBOWp34SJW DD52mF8NhTCCVhu8G5JRRPiBPXbL3Zk6KHZbYSUc,22/07/2015
5,33,3,0,4,qvsC5Fqg3W6WGjj7vWGIDa9m2nFMN7MAzoQOB8PLhEDSQdgjsxD29Y194wO5,15/11/2015
17,100,8,0,1,EMqrz5F0xo3NluZg8Yakd4hIdFZGHyGocUG4G0RsVXAlKkqdytaREU3dfTBs,08/09/2015
7,28,4,1,1,nEozHjGdGtV4oXxOobV9Xrl6hsybGhQ3qkZw7Tr9UneHibKGFwE2zibv5hOP,24/01/2016
1,39,10,1,0,aAGE24Hp2vE ZUkQzI4XcJ3RYjsuaZeCbJFv2Txx39jpSd8XBeolWVQPwzMT,23/03/2011
19,2,12,0,3,oSfSW1rJ yFqRh X9NFLAvAqeMTtVDE89zSgsO8SrjshcvvE0M039zich9Bu,03/04/2012
11,91,8,0,2,9ZIaDPW5FMUmFlegCJFti2iKAsEPTAdom71WBl21noPGyB60tOhRZwN1afeY,25/03/2019
16,50,10,0,4,yWgJRmr3wFb0s6rHFo8ghYDHhzjWp6IQeqFcyLVvE5WyqwX1Z2WDzePncPtN,06/01/2015
1,25,14,0,1,3KQfMAP8LItNmCPTlh26t 98xDoc27AHxBOUze9JbgnSkUtFHTCvsf 6 wwZ,03/05/2018
15,21,13,1,2,MqAGezEKmPgdIFHKt5hlgYTgegSnBnx19QIoF3nKjVYglII6Tz07ub2CGtnS,08/03/2015
4,117,9,0,2,OJwCS62Z1INrysgllUc2pZ8iDFuZhzwYqf3gkVsB1ZiYmvRNCpkMYxAsOe9r,27/09/2018
1,17,2,1,4,GHkThrjNaYB2xj3QI 1bbAq2FKajTnOg8AWi Ug8xQjMiFuEQX620jwm0Sm5,08/03/2022
17,35,20,1,0,4NewJlknOC2YuP5Loii7a8iaC75snM8KSgVEtIcxMJlNJKJtvGcZGpZKxRHi,06/06/2018
3,3,16,0,3,wVmeHAiocYa8aOi0xBl8DvENOQnr4T6GOmNjUR1x d8KhnYK2X7XSUuJmfb1,14/08/2017
12,96,10,1,0,3UH2OqzBOlxieOq1giX3jAoDVH1kDP9OOPqiljJcxPunhmvIopwrOSRHeknv,23/11/2011
16,99,10,0,0,RSVc0SVlAhqhqvvOTenBVWSt3iCrG6km2ELfrRAkfexdcFYbDakH2lTnRGBa,01/06/2015
13,57,19,0,3,mHOTM5isRI44l0MYXEPafo2Wa rZQwZpEXwyOoUlju9bLz37lJ8AUZxz5qWR,20/09/2021
5,9,14,1,1,qdwWwXeMNa4lfTa62 pfv9vPY6qYz2qianmhnIlmgCTk1E32T98Cz kykOY7,06/08/2020
3,87,2,0,0,1ACSuMq2kBy7u uaS3rooHROHkhoh0FS6p4FeiDGBUlYoFtfww5OZpbUu8gt,07/09/2018
10,120,9,1,2,0 EKsYf1jL2cU5Zy8efnxSgS58NavS5di7lvH6SWGdjwbbDLq3IBUskbqt9K,16/07/2011
20,100,20,0,2,wooieMeshO8gM0k8yFFVRMhOiXVi4cGxHtQw0fxdkZsfoQNN48xUdqByoaNN,02/03/2014
17,91,14,1,0,Ixd9TnHIS7wFY3N6KduFC6wPVgac5JUlMFVTg18o4KEXLWAN3dJfEUmhB5cZ,19/08/2021
20,34,5,1,0,tWjlziRd3DaIErv6nxUmsHApJs3Tf CHu6gNc 8agZvh7hthWON cDlEPOPC,26/08/2017
16,71,17,0,1,f3HTzfDoJnctSs1T1VhjuhfjpY6BMAfdDblS aD7HWNaX2pd6cFQQNL7KB8I,21/03/2014
11,112,12,1,1,pAlcGCrMV0LezIXN6IqJ8i94DBk9xM3TVdgPHXxDIBfbSWANYWjMYAP4jKDR,17/09/2012
8,67,19,0,1,UOjXK1bzlK28Jb51Fxng oO0YhDECW64zIsLvUEZfej69vZi55aTnGprYtCq,13/02/2017
9,119,15,0,1,KzTNmr1H7MJJZTCZMqYcD6u0dW23dNasKQbz64Tq5JwmR6h3wcDNbLbqOTwh,27/02/2022
18,38,7,1,4,1qa8bnVZhSmB0zbP4fVLhHgExoY6geYmdgrq nxtxmMVyS8VB9sOGlT0JID8,03/03/2021
15,99,9,0,3,wWFXZm4AU67z6PYgBMVVVbIbLrOmQKL81cDCqiGuFJyynp5AOfLlXuB3hPWV,18/12/2016
10,6,13,1,4,jbfXdQ5c6gCCbGfJZQS4X6uaw1FGLPmZJj0AG5b0EB7a5Afitl5xVcDpj7SB,22/11/2010
2,53,11,1,2,y0YGXss2NLNgE85yNVkSoxYFpGE0VGU5OGv2uIjCTC N4NVyymUJ SC9i8I8,17/07/2016
7,62,1,0,1,SAWgvP9tSbHZOfnBjLC5R4Ikvj1liJC8RXAcEt6HUa GQOywu1kaFsVSTKsz,24/01/2017
18,68,7,0,0,3I15hFW5 RMu2gV2ON1tixEVkx7Q9GYEpoL4wkS0KG4ou0CnaJbDk2bZTpNd,24/04/2013
5,108,3,0,1,sTi1Yj79RDxAlEj1MKqi2brXKeDCuIecxJCiI8ehoK8ii53n8D5rfGT7OX2X,11/03/2020
16,10,13,0,3,E16NTKypumlff84OGFWaKEmKLhH1IiMtHM75W3kmwYTIVhInQ7xSZLYLTbbu,21/06/2013
1,16,9,0,2,eGAVDn80gTsHYf3Esy38Ibo5WViRYh8xli6950IOcuKtMja8mZv6gE3SDRZt,04/07/2019
17,116,12,0,2,sR9W6ZqViJxOgCHwVVt5rekC 6B06 umtopw49h7rHDVT7szvnrN1fbayoeL,10/09/2021
11,28,3,1,0,9jxFcUTT18O2e3tDBNo2KGfyur7PcAHgUeR8ifTxJehXqQ34TN k1TktlUnq,05/08/2014
5,23,9,0,3,SBH82Qm3PdnkfaLpSHXX9rPCNKmY39Zf1ONt2fQq6nBCCfmKBMGFaRoB80Kz,01/05/2014
12,54,15,1,3,2lfn2f3pzSbv XcAKYEc16Ydlt9QbxjxqWu6EWfRDdCEUArkgOSc4WXwhLSu,27/01/2010
15,69,13,0,0,vxjhP7Ba8myy0y OV84rjAEKH3RKAP8sye9waarsCJD2inTX5eW0oiBrzvyz,23/11/2021
16,98,14,1,4,eOSwN0G7jT96YSl4fNJrwtAqOgTJrOanhUwJwpxYc7lN2mtt DtthiVxO1oG,25/10/2012
10,51,14,0,4,Sm6mFC5ifTlGE5w3YfDb8aJCy0zvGacAVFvDK8Asd9iWLxwhmeM0rUYYpbWM,07/05/2017
17,25,7,0,2,I2npvRJAbhdqV2o Xi9fkoF1q0h 4c2v2Bc686MrBYdN5TRxdDJiVxVHzoe6,12/01/2015
9,102,20,1,2,bNHyYRVPUD14ndYQH T5j8AKR59OhRDBlJu67GZJk167E44KDfIAAWi71nPs,25/10/2013
7,15,12,1,1,7LMZb2B6K9q64b8ESkT cSzG3MvFnEUwnAcBYvEj63qtcRBj175eoOO0Xtsg,20/05/2015
1,9,11,0,2,3AY6ipQq7mEenOV66A nUeXDY1rMFOO7qvsgIbTbVgnU0O9yMVi3hgEkmbNg,05/05/2011
19,107,16,0,3,v5Cqit55iuZAM763TDlLtglm9bkAwg Ttiz1fwz6CrKOr1iqBIbOZc7ZesCi,23/01/2022
5,88,16,0,0,Lpk0J2AMJV FrJ22UFzvmeBKQTuOK2izjny8zZrCb7oTFqhtrv6mqV1ylLzN,18/05/2011
16,101,14,1,1,Ux kQDf14OCQY8HAq3b0bsmo3daMLGTJFr6yH6p9cCOlhimCMWwFTHxn Aq7,18/06/2018
13,27,1,0,1,VmgJajgy4NARyvQEBUiHDV Se96BxojcuLc0sM0yVFZgCm29pJi4u07HM9m2,10/12/2013
17,48,15,0,4,5VQj1kFveMsVKCtnN8avNtghf8seKF07KjmbaN7nRDyLsJCpxmqdymbGdZGq,24/03/2015
13,47,13,0,4,4DReteXY74HEDHWzXVNQoUA27bGVCDYY6M0c7Vf6SvIFgnqLZUgtHglg6ji5,15/01/2022
16,19,11,0,4,4es0wEhVjmE5XrAtYa686Ui87VTBBXw2jpUmMrYmHjeu5NQSWkK7RksEjS8i,14/09/2021
12,68,8,0,0,XwZsxmnm8q0FSm RHYLGeEm3hyPwVqLBAei5Zt1CHa3WRBqPIrBdDtdhy4is,16/02/2012
5,42,8,0,1,6CSdhgIV1KmhK8TSPHAvz tn39WiM8ImkZVc9nvKz9uqWWixh66IgSS5fuOB,16/07/2012
17,4,10,1,0,dnl557PBwO8S6bNMSW0HjpzXX50hY1ulYO6V6t4nDPZHqqUkNQdDsZXd5swX,24/10/2011
16,95,2,1,0,dMX1jWlcjTSClGz1jzjBet7tLk7sYLQGi4jzQLw3pTy5QWopwqWiKEfjASik,04/03/2018
7,4,9,0,1,cW0VIc4Uxx3H WIExU9TRh1m9tNcpzgGVMApucCacA6iG2iMzkgYQbE8svOo,02/06/2019
10,70,12,1,4,kPl6vs8bPwUVBYanPjN0ycD6IsutqvTpQIrN1xwFjfFBwECJMRutyE5wlSK2,02/05/2018
20,48,1,0,3,ayZ76OlchLRpnGtnphHj5y7SzD76meGBC4D qkyzZFVzqAP0zsR8ED4N4rgo,10/03/2018
3,101,7,0,3,X02c5Dw3altsW0JEnPhTPAmDhK9VvZkwmZtbJoZgbEUaLAjcL8PCoxZ46Rou,08/10/2021
15,21,10,0,1,gROEHJvk7lZX2YGMKan7bL37VomekaStEaBGYeRyhYqBDRsn0PuLO1L8bpUx,08/08/2010
8,52,18,1,2,OnEDWrfFiziFfm8O2h9E25n6s372zF sCpqVVXSP5lwi0TJmq5bAphQHz7VU,27/11/2016
17,29,14,0,2,O 9kn8EaP7sB GlXJOqNWSYG7uIrA aWf0xOagOFKJrtHkeB7lX3RUsbp9bS,14/02/2019
3,106,3,0,3,rPec968ufR8MpJX06k4wzJcGWTFyskZbgXxytg8iCi6y5H7EU665drwTq7UQ,22/04/2016
20,13,15,0,0,Q28ufpeT1b3RsXOZeCMDRFdLy0 Afkx7hthpv9 WtuFwfcd6lv2v xAblmv1,04/05/2021
10,56,17,1,1,zqzD2TgQ1NCWjnzF8juJNJhoONPzjKSakX2B7gT6O7dT7m26eQny3ve5uUHh,14/09/2012
6,41,11,1,0,dFJGxkMVNAs40CfcbEIvAI BjylSN7nxWPmUfvNx22Il078zfZqvAmjglAWk,20/04/2017
5,9,8,1,0,ZYzeCq7zMfnIUjWeexoZ41vrGYfBCarghvAB95NylSt4sR5FmE5HTYn0AAVs,15/11/2014
3,31,6,1,4,orj1w40zpnVChSXOdj0gGfYD6kfXuR0EmELeCEd6mQG cpX749n7eJVbYrcz,26/06/2011
15,107,8,0,0,vXvhkRcAeyuix0Ig5U k9nfSdDDTZh9r6q4eqqnIW1vUQW9j7z8BaCoWPGsI,18/04/2019
16,10,16,0,3,2V4o6SjixsUBv3BKTrOrlXdaWpuFhOePy71DM9ToVW2UipZxiFPfWHxGusDi,05/04/2021
6,83,10,1,4,KyfagFPuSNXqyhrx03hUgRM3dqt9NNsfIJS1vlN S2VWWRI8c5tkD0EYyeV4,19/06/2013
6,49,4,0,1,nAkLF2AIIU1dJ7YEBJLSS35oziKUEUer68L51 VyHO Gsl6zKsuMBcHE7 D3,15/06/2012
10,67,9,1,2,EEXXTcci4tBggwc4eX54aXG1fLAdftyH9VRRyuEnFzBeLeLeXs18iUXWBA2m,12/03/2016
12,91,18,0,2,Hs13h4OtxQQt0rzAxsGxQffO6sFHCSit7Er0hNHgpJlVo7 S0PBgLda8eLlO,21/05/2016
18,105,6,0,0,0L1qFDQGTpoPuLYedkA4NfKxovOtqq69lUAmIX n skEub oS4Hpm VcNFsq,21/07/2014
3,119,20,1,1,NhRkYmxQ6avKmzLK SFJI9kTyx28ctfZcSXvzCP1Bsis4kWsMALyVDV4Lv7k,27/04/2019
5,31,11,1,0,skNIWc2TVXbvNMQNvA7py34yMTXP6nF3CRzKmd71FCVhQKqAnRzChOSNVwls,15/08/2019
3,53,9,1,4,UadNNPCPQs6w1tfxQWw0D99z6Sh646w01QkYiZiIphz67vCsgTAE6q5RZFVi,02/11/2018
10,40,19,1,1,mWIhPkepmCJ7eOumK64KXlquewo3oqzHp1kk2elec9x2NRhfQFnJtOwj5OBf,07/11/2020
6,110,5,0,3,LeN3GIXXSg0PGhyUNaxYAdWGTnuLNpU8a4ELNTJo1C IiVHc2PVywLT17pgC,12/10/2013
9,15,7,0,1,IBLrx8ymC0lquQzmPiyuaav457r3FF2CZG EdoXuIj6Q0ysLZD2PEQXyzmBv,20/09/2019
13,114,20,1,1,X7YqB6i7XeBS046ueguoe1UYBM9cdqQmvdxMrHykqaLHZzQ3M5BgufkX5POT,18/05/2018
12,87,11,0,0,V4MTnMiJknCYOaDKWeq02pE5sfFWilysF3JdkxQcAAZJTk0jO5msNAZfMyro,25/12/2022
19,112,11,1,3,eezZlkcBp 4fPrXB1LPEMaQeQGMuCgLA47ob8nJu7p3klW8unh w3TpYb92v,09/02/2015
5,26,13,0,0,VxgqP0GAP4ssUI1sQXoulJ2nvRC40EJ UFDkYS1bEeWA PxNNEA7HtRp20k3,18/11/2014
4,19,1,0,0,lTdKnBthN6DB0iE32cr9BlRdzNmc4ZoNp43SNAxWUY RJu6ojh5miwpFcZ1A,20/09/2014
2,4,7,1,1,thATr9J8VxEZLGiEXlZU1pnocqXeErmwkIogUHZIourkqRhj5p0yovGZBUlS,22/04/2018
19,84,3,1,0,GVe4Gaaj9 oFLwBIAYb8 ZzlypR9xV3qDil0JmDexnmWN4pKGpELdKnOVvud,27/12/2021
6,10,12,1,2,z8uicMDOgOvcxc0xAAv39tYBl2YUggkRBIB5NsRCt23CgWPfHA5LBfybsSkL,07/04/2010
2,22,13,1,1,0RSlH HMeb9gt1u42M9DmZhgl j3Y9seNa1oeO4DaT2asPRiilqSfEKaCW1 ,13/01/2022
16,58,3,1,1,RFBeYCzCZoclTlYPmP8wgtsi7niihC WsJh9sNRV6i8zUbY ZJN8J5BP26h7,15/12/2012
1,98,10,0,0,fB8Mrb5OTFKJ1xxSOUSzjDS43Aw79m4lu6irBUwQVYvnADQu0B84rxcExdP0,12/06/2012
11,67,6,1,2,HPH5l1lY49JRDzTKQ7US2mcVpuKKvOa89tx7ZhH6yX6Hop06D0XygAxq6yxo,19/09/2012
9,93,20,0,4,0atbRcNEJAKBl5j9QW3IDLrHP5mUEBvvll5V JUf4FObpB2lAMN5M5ApLnqq,22/06/2013
18,91,5,1,2,2 7Q5OjIMR95H4gHUZdxD5xBXg4mvXl6 CGhnrCk5HgcJom13WPxNDh7 RUq,10/12/2019
19,23,17,1,3,IZDrNZfVonlbllIcmVIj8U9hgEsOd0FQsqdwo10PePshkfOFU Rnw49Kve6L,05/03/2015
14,106,1,0,2,A9R1mWrII7hmxbZIBmp3Lz8Y0mk8BZ4SK3sEQiJ6MCJKKvCWN3XsF6x8vycw,08/05/2018
15,61,5,0,0,88mE4o6fsfrVYNpBRG4aXVi5CYJTgE0ENSDXNYWGe5wZ6FsXjmgpLfuvwxWe,19/05/2012
4,24,9,1,0,EuVU6uWCpPZ2ebqB baHhokBOAZOMuiDseynuComkiffOnfTB94LNW4GB7b5,01/05/2015
6,5,10,1,0,3 2kAZC6B8rEkiY5AS2x9DD73UeeuwKUqAgYNvfSU9BirGCzKQqwQ W KBzj,15/05/2015
9,109,13,0,4,0NGu3JYK2x16YKSmbczxbqb134kM1q obxp028eb1ke N1 1tSyiDC4Lx27b,25/11/2020
19,22,1,0,0,4ZWi6eDU3IjLrHEIf0 YLvnw2Ipx kzMx7g3o03HYl4a4WQ8iY3cSeJgqBCH,17/12/2019
11,2,8,1,4,iZWAgw8sl5hKSNIKE7Sr196rxlVH 7F3FaX9wPl82qIzl78yuXIRnSUCB7p7,11/11/2015
17,97,17,0,1,FvkTV7AWKsEPM9FjK2WvmyjmRoL27kFJDvosYioVj ymXFrKDSfY2ELPuVsl,18/09/2018
6,115,3,0,4,QX0Zr5k4PFWYMuU45cMwWSqycxRyEGZ7ZIMKtynAM3fs3QtK rGxTA5gMGan,19/08/2015
19,47,7,1,4,LQAwbs5qigvih5eDxJcFyqLLGMoO3vq0aDmulHjZtndhVi MsNpIALTTCqUC,03/03/2015
6,67,10,1,2,584OZv1k6xfP6MFGlObV4xIn8Ke7t6yWjogIIAHzUcesSGF19VraaJ2GGlif,17/10/2010
16,53,17,1,3,CD4c0K9S3RKDGP3Ew4hGsEmr7eXwhvntPhxzMFddp6UH HJbCsZSSlWzDjND,22/02/2016
4,67,1,1,2,TIzuP0JPZGSL74O5ZPCZj8GvnS8FGlh4a3QSszFcrhchuS5WoCbfFMG1G5YG,08/09/2021
7,82,4,0,1,D1n9V29ohHRlUtg9bu3WJEulUz4HvXRoqcU1FS1UQoCQGFDqwmAfk0qBSbDi,03/02/2015
10,20,11,0,1,ONtd XUHM6V8CRMtLpxwqeVzNu99OfDjDdxytjsCI76 wziNuAyEptcYAUKL,17/06/2019
20,88,4,1,0,7IxFIiovlsiVYP4qJPJVJBYXbkdZo2VcE1cLVGBSbZDZpWrqUsPTBVAjx FM,18/11/2010
7,119,20,1,0,7glLzeEydD78YxyMY7MOPSEYfyZRJSmJT3Ycq iR6Hikaje7G PapST1pcWH,01/07/2021
7,46,19,0,4,yap9N6Fim80QCgC0Byz3IbL71YocXzrBkD9cMin1Le9MTwGP6qvsxSJMGIPx,21/05/2020
11,46,12,0,1,WEZ0lMenNcMvsNJ8BPUrGrmvdbyKt3Jru L9obFPiyR7mEy8cuIysDRU6rMQ,23/01/2022
14,34,14,0,4,v8pe877PINnh4dNvuE9QeFmMkAxPSkHv SJc7GNVE6pgz5yuDkg7Yw27OxSc,19/11/2013
14,119,5,0,0,229hrA9koL8UXbEPo3uiWGzo09jRGgdI9EbUZsb5BGE599AUzepaiMPczpl4,28/01/2019
11,116,1,1,3,AGvQQRfttSxFURGBRkhwwasOTj0f0YLCK0HcOsBOx9bjT0V6d Xvz485tBZL,28/10/2015
6,94,6,0,3,bpoCmbtQMT3coFfJoXrKl Dvv5qAbMVipPZCbOR0K70EfksPJ5Zy4wCCJSG9,14/09/2014
3,76,13,0,3,rmy1fsCq1IewwLu3IURVMy29vTnzvp4Uhg1xkgk3tSvnL5aewFKR1v2Jikus,22/11/2016
12,20,1,1,2,jTGHcUkjUyLP60pskwr4kRoJOzNVSVmVaps7U ubgSiq8pc9P3CZtbj9YZKJ,10/02/2020
5,26,4,1,3,N21yhR9r20N2BbwaKupLDFucuY0hE86dBWYYSCl7MEZBgZ8uZAVgbkZ XMzh,03/06/2019
11,59,4,1,4,yiPIz2eDRmodPqpTe3lx16Wv1SAPAkUxmZYfdG4nFq7JkGig cavRx0FtU5u,23/09/2018
3,26,1,1,0,N0jZiYeaK0vWZP4OOIRXz Tx8cxQjGwYEsxIGEw95P5guwq6JrC7MTVDaeF6,14/02/2017
9,37,1,0,3,u9DT0f9P4nV46M47DBpPubXZDwO2lEADOA2xsS4TPt2Qp0NK8B5NyS7yvZWy,07/09/2011
13,12,9,1,3,eTOedBMdGGaofqdn04eCLVS8Idcae44ouoOJelwk1GOccGjZy68lBxYvNqX9,25/01/2021
19,83,3,1,0,YMu4xPQ42E4xPXOySfprggvRrRGRQrpXJ0HgpXM5Ka55TeMvE3xxDMUnQMUt,20/04/2022
14,48,13,0,1,ru21mf3l0hFxvxjucAqexs1l0rLuRnVTNGdOxy gg5n tgqwPgzQ8EXZOJsc,20/03/2017
10,97,3,0,4,HhO7xUwqZSoSIGhAXD6zndPt1fn3BVNHdjwJmCgyLOMWa7nX4ldWeeeOI468,10/03/2017
1,44,11,1,1,59Iy7 leB3R8P 9B4Ioih3JDIfhzNr0JUS6R8CHq1hu1G0GPAfQDSvqQSRKR,16/06/2016
18,19,6,0,0,Jc5vRZAWiHwvqz7lJyP13XqUynU3Lk Mw2Ha77HABCxg W3PMPB3HKjycEci,02/09/2013
11,75,20,1,4,DCqsv64cWJgmDYUXZZMekN9 Nn2fx IKJyVLK4grfqvArQVEeujwsWTeJML9,13/11/2017
14,86,9,0,0,0 SN H I82KWP8O ryeutP73h8WHauf7elEFE7rxUtpbKhmfOCXQhGoigfhC,22/12/2018
12,59,6,1,2,NFuN1FEqj00onKQSFZ0kd8ZFReGPT9cZB969bNA5735MI4jt9Q7tPNQWIkLK,21/08/2017
12,2,3,0,3,ciVqMGmX8zgZQgiP4ne7S9nvLjENZiTqTPbdN5ftfbokAfqmvEqf5 zfvrP4,24/07/2021
8,63,20,0,1,VwQ763pJK L3st 93BmrpniDT UVPd8F zlGDhUZ7YCOhPZVvCYM6axoDlwT,02/07/2022
7,97,16,0,1,rmrhOmIQlLth8KQ ATNQaHJd72KTm4xobXAh72GAQeiskitXUx5fj3kgTPcd,26/02/2014
13,79,9,0,0,FsPtG5ZTLKkCPb4UcocP8EPJwvmE3TsmYefUb8ubmMH Y94qjwWQ0ohwAJBH,07/04/2010
16,93,5,0,2,gw42ynJ1w7aoilrOdYIzVBD0JrnTal8ac5ZoOJSiWq0Gjx0eLPo344OYIzJF,03/06/2017
17,87,15,0,3,LFpfFKB2ax6DOgnz3roPqnxZfe8CHyHwAkKUTURTfePjlFD7CIY3ubhuByiJ,21/09/2015
3,80,1,0,4,5BXoCmQTCxB5j3wEDyjyP1qie3RuzG4JK971AN7zc0c namUjagbc84HkG3v,09/11/2017
11,24,9,0,1,HQj0s WJvYLhvKbel43J9FzFZmN njEtalN4fu 4FoiTjjt3YIXRLqyfwEXn,23/04/2013
11,115,1,0,1,wGoFrWO9ilxrDbAd4M9Nj9sbehcqLMnUTVUeNu4OnfWAH0xHAR7BbZeP7cVM,10/12/2021
18,48,4,1,4,tfZLR2hucFRxU0wgTLyee4jYyFVH9Oca0BufywPYfSobYFBMUkQqUaV1u6Sf,19/01/2014
19,88,19,0,1,Da 3 4cHvRpIK4lGrngfBNL29VJaQ8XrwN4ps bNyElcAfiOPhWKua7mu5kP,11/06/2021
20,113,19,1,0,nip0r15B1XyGPEJFHVRzVHeLJ9jTD6jlOPBQNcV6HDB EMW2TxEqAUzSVc25,26/10/2013
6,108,15,1,4,PBeOc7vXtpwdM7g4RwV3ylPydZ5ikzksAW7Ey5f0iNVgKaYp3BVmVQNvCTaJ,19/02/2010
1,57,10,0,0,zYPSn8EUUw UrYUO61WC6bq699PzxgU7htHx6OQ04YaN7ilLerWNL6I2fbeP,20/10/2018
4,30,4,1,0,r2Z122ifiEDGFbaSUezj58L7IEJhMJu4TM7ox7vnkPZXm9XaqeCPcToL6LCT,04/08/2011
3,115,5,0,4,glkuKcfi9s7kolgeVrTrkBlCA4BFQrnCtJ3zciwxMG9zCHrumRNNqX q8Eo6,26/01/2019
6,110,17,0,2,wwsv0leANLqrqOeUpt OAT6DBR rE3ScqNuEKbhXz3pV8EMUcVYpDznDdQsy,20/10/2017
6,91,11,1,3,8VvjebF62q9ZjQPkWLQii4SkCLPoQAIVKrS36Da5ntDohxIoduyCS4kXtUgz,10/07/2019
6,100,5,1,1,H4ii6o1bH48bCQmQaQ6WS8UCkXMlpNMLzdNwhyOYcmOZ9v3HA6dhjHMPlWjS,08/11/2022
16,55,13,1,2,j S2PxZRLLz6mfW6xELRaSkWYWphAICCT7wsUQBwnDwbD31cPVxKqyf7H7l ,12/05/2012
7,6,20,0,4,R0IOLO7TSRHy2rNsbK3 HJ1ZdDNJWLjxzxpqlPet8jATXG1SCp5lm47wnmK6,14/04/2012
15,50,10,0,1,c2U4dGNQxvD1rLlSmgwQX2s1JlGLoxXICGwSSvEDpQKA6PAJ6GhcohG47Rba,26/01/2019
13,108,4,0,2,iwBqQbM5E2EpRkuve2W6z4SRpMamqw7 USIdC y99rggLlNcyVmtbM7iHrnr,20/10/2018
13,35,5,1,1,mfHEwY8n67j4CcEnfqAJJPqJFxyxDreYfTYvO1UPWcxRhdohsTaQSt9HckTn,05/10/2013
2,111,4,1,3,FEurD3ycHl2rD6uxt llOGEhr91ah1Hq6YKg7dKiQrhNPMDeeBSRZbAbmKWy,20/02/2010
2,11,18,1,1,GORKdUimi3xPkwuWANUyF8z74IqGo0wkIl3kYsyG9DJKpWRTBincsDPLESvd,10/09/2011
12,67,14,1,4,IhSj38uGY0aEGyJqAt9Ni 48OEl2liQFj3jem1hmcrn3ouME3QOBJ3sqoQkK,05/04/2020
19,5,8,0,4,cyRcvVbcfRbQfNvMva4OdsxLoQMNLmDDwNfqmUYlwkgboDIr7yLpAAv3cahb,10/07/2021
3,52,16,1,1,rgvnUB6VHe2J8syMDaex1jEiuNs0fn5qg9Kx5Jzc8mjhPgoxJaRw4k10EPq4,09/10/2014
3,2,2,0,1,yBFkhXmHRjguOvDb9hdhEAMVwpxNaiWkjxh59des1Zixy2fdLzlcmYd88zcV,11/10/2011
11,8,19,1,2,teHUDdZ6uzpCPMXbJTLAu3fJpHIePz07GungSCC6iYqswxAg8goxIMQgQKeS,19/10/2015
11,84,15,1,2,nJrF4UQqF3FOuqff4JTorzkkyZwUnIp5ZlSVTcm3o1EVzcLZ22SYztDF2RMR,08/06/2019
6,28,8,1,3,5y5hOGhMXnojGqosWRXqiUphhD L11vCB1ujSWob6WyCj8E8GhIb QYIfepu,14/07/2011
8,74,11,1,2,MQGOF46NY6QnTCSW14hXmoHeBPgPREgNJ2snyT5HDQDss4t35uw2CVqwg0D1,28/04/2015
