username,password,forename,surname,sex,title,birthdate,hire_date,town,county,postcode,phone_num,email
swalters,uELh4SqUWC!,Sian,Walters,M,Miss,28/03/1973,08/03/2010,Llanbadrig,Anglesey,LL77 3BH,07721605159,sian.walters@example.com
jnia,QWG7J4sAn4!,Jade,Nia,F,Mrs,17/08/1997,05/11/2014,Benllech,Anglesey,LL77 4AA,09034039963,jade.nia@example.com
cdavies,ph16JVxBoQ!,Carys,Davies,M,Ms,27/12/1988,10/10/2017,Llanerchymedd,Conwy,LL77 6YE,07057261304,carys.davies@example.com
bwilliams,fCSdseBv6c!,Bryn,Williams,M,Dr,05/11/1975,18/02/2014,Y Felinheli,Conwy,LL77 7MS,09819835635,bryn.williams@example.com
gyorath,umbYdUOKXY!,Gareth,Yorath,M,Mrs,11/07/1971,03/12/2022,Llanddona,Conwy,LL77 5VR,07882544303,gareth.yorath@example.com
rlloyd,CPafp8A0bV!,Rhian,Lloyd,F,Mrs,28/02/1987,21/01/2022,Bodedern,Anglesey,LL77 7FH,09591856166,rhian.lloyd@example.com
dyorath,iNDHJ5Paqr!,Dafydd,Yorath,F,Dr,28/06/1969,11/12/2018,Y Felinheli,Gwynedd,LL77 1AK,08773767110,dafydd.yorath@example.com
ffychan,aiBlr9Oy5o!,Ffion,Fychan,M,Miss,16/07/1976,10/09/2015,Trearddur Bay,Gwynedd,LL77 1UA,09249785740,ffion.fychan@example.com
owilliams,0Zv7VQfNGk!,Owain,Williams,F,Ms,17/08/1993,10/03/2014,Rhosneigr,Anglesey,LL77 1CN,08693368281,owain.williams@example.com
jdavies,1Bj8NFlT98!,Jade,Davies,M,Miss,05/03/1961,22/11/2018,Menai Bridge,Gwynedd,LL77 3IQ,09198570159,jade.davies@example.com
wedwards,11mYZzJdnk!,Wyn,Edwards,F,Mr,28/09/1968,15/06/2012,Llanfairpwllgwyngyll,Anglesey,LL77 9IT,08924698230,wyn.edwards@example.com
gnia,LEvKw4OK2U!,Gareth,Nia,F,Miss,06/11/1965,14/08/2016,Beaumaris,Gwynedd,LL77 8MB,09871643211,gareth.nia@example.com
kowen,W7I70yjmNJ!,Katie,Owen,M,Mr,24/04/1960,14/08/2016,Llandegfan,Gwynedd,LL77 4UA,07837041833,katie.owen@example.com
dbevan,slipCAdjrL!,Dafydd,Bevan,M,Dr,02/04/1966,10/01/2020,Cemaes,Anglesey,LL77 9GF,09653244379,dafydd.bevan@example.com
dhedd,2wQSESL6BF!,Dafydd,Hedd,F,Mr,12/05/1989,02/01/2020,Llanddona,Anglesey,LL77 8CY,09078371799,dafydd.hedd@example.com
jowen,pPUH6MSVCz!,Jade,Owen,F,Mr,18/07/1976,09/07/2013,Rhosneigr,Gwynedd,LL77 8FZ,07646940463,jade.owen@example.com
towen,qpEChbuOdi!,Tegan,Owen,M,Mr,16/05/1963,16/09/2014,Gaerwen,Conwy,LL77 9HD,08620160310,tegan.owen@example.com
ddavies,k7NITzIcQx!,Dafydd,Davies,F,Mrs,03/12/1960,25/10/2017,Bodedern,Conwy,LL77 3LH,09122502512,dafydd.davies@example.com
drees,fMcBbh56qa!,Dafydd,Rees,F,Ms,05/02/1988,07/11/2010,Llandegfan,Anglesey,LL77 8HN,09329943406,dafydd.rees@example.com
edavies,w5iVLRLAbT!,Elin,Davies,M,Dr,18/03/1993,10/01/2022,Gaerwen,Anglesey,LL77 8LX,08563609441,elin.davies@example.com
